{
"type": "FeatureCollection",
"name": "grid_cells",
"crs": { "type": "name", "properties": { "name": "urn:ogc:def:crs:OGC:1.3:CRS84" } },
"features": [
{ "type": "Feature", "properties": { "cell_id": 0, "area_m2": 703.91376058756418, "centroid_x": 713264.81116254663, "centroid_y": 3159384.894577364 }, "geometry": { "type": "Polygon", "coordinates": [ [ [ 77.179947727294788, 28.543902809464971 ], [ 77.179942090881895, 28.543629178382872 ], [ 77.179473672381604, 28.543910422585718 ], [ 77.179947727294788, 28.543902809464971 ] ] ] } },
{ "type": "Feature", "properties": { "cell_id": 1, "area_m2": 2088.5151303570192, "centroid_x": 713259.09250454686, "centroid_y": 3159418.2778125298 }, "geometry": { "type": "Polygon", "coordinates": [ [ [ 77.179957017448444, 28.544353810437261 ], [ 77.179947727294788, 28.543902809464971 ], [ 77.179473672381604, 28.543910422585718 ], [ 77.179437414927364, 28.543932191879044 ], [ 77.179620876569302, 28.544359208965751 ], [ 77.179957017448444, 28.544353810437261 ] ] ] } },
{ "type": "Feature", "properties": { "cell_id": 2, "area_m2": 1196.9337689311942, "centroid_x": 713267.75118834712, "centroid_y": 3159466.8847454395 }, "geometry": { "type": "Polygon", "coordinates": [ [ [ 77.179966307815675, 28.544804811376814 ], [ 77.179957017448444, 28.544353810437261 ], [ 77.179620876569302, 28.544359208965751 ], [ 77.179813380262758, 28.544807267580154 ], [ 77.179966307815675, 28.544804811376814 ] ] ] } },
{ "type": "Feature", "properties": { "cell_id": 3, "area_m2": 2204.2338129640921, "centroid_x": 713307.28949714731, "centroid_y": 3159372.4815794956 }, "geometry": { "type": "Polygon", "coordinates": [ [ [ 77.179947727294788, 28.543902809464971 ], [ 77.180458475629393, 28.543894605210156 ], [ 77.180449183516956, 28.543443604358242 ], [ 77.180245722240628, 28.543446872781537 ], [ 77.179942090881895, 28.543629178382872 ], [ 77.179947727294788, 28.543902809464971 ] ] ] } },
{ "type": "Feature", "properties": { "cell_id": 4, "area_m2": 2500.0, "centroid_x": 713305.28044849285, "centroid_y": 3159420.006568355 }, "geometry": { "type": "Polygon", "coordinates": [ [ [ 77.179947727294788, 28.543902809464971 ], [ 77.179957017448444, 28.544353810437261 ], [ 77.180467767955463, 28.544345606029324 ], [ 77.180458475629393, 28.543894605210156 ], [ 77.179947727294788, 28.543902809464971 ] ] ] } },
{ "type": "Feature", "properties": { "cell_id": 5, "area_m2": 2500.0, "centroid_x": 713305.28044849285, "centroid_y": 3159470.006568355 }, "geometry": { "type": "Polygon", "coordinates": [ [ [ 77.179957017448444, 28.544353810437261 ], [ 77.179966307815675, 28.544804811376814 ], [ 77.180477060495164, 28.544796606815748 ], [ 77.180467767955463, 28.544345606029324 ], [ 77.179957017448444, 28.544353810437261 ] ] ] } },
{ "type": "Feature", "properties": { "cell_id": 6, "area_m2": 2487.7466039890787, "centroid_x": 713305.39871803275, "centroid_y": 3159519.8970014062 }, "geometry": { "type": "Polygon", "coordinates": [ [ [ 77.180486353248497, 28.545247607569419 ], [ 77.180477060495164, 28.544796606815748 ], [ 77.179966307815675, 28.544804811376814 ], [ 77.17997406255833, 28.545181257447201 ], [ 77.180005885700936, 28.545255325805044 ], [ 77.180486353248497, 28.545247607569419 ] ] ] } },
{ "type": "Feature", "properties": { "cell_id": 7, "area_m2": 1903.3584400342079, "centroid_x": 713310.89475485124, "centroid_y": 3159568.043398839 }, "geometry": { "type": "Polygon", "coordinates": [ [ [ 77.180495646215476, 28.545698608290351 ], [ 77.180486353248497, 28.545247607569419 ], [ 77.180005885700936, 28.545255325805044 ], [ 77.180198392883867, 28.545703383640408 ], [ 77.180495646215476, 28.545698608290351 ] ] ] } },
{ "type": "Feature", "properties": { "cell_id": 8, "area_m2": 1006.5707755828043, "centroid_x": 713319.54892556299, "centroid_y": 3159616.2943452718 }, "geometry": { "type": "Polygon", "coordinates": [ [ [ 77.180504939396087, 28.546149608978535 ], [ 77.180495646215476, 28.545698608290351 ], [ 77.180198392883867, 28.545703383640408 ], [ 77.18039090181162, 28.546151441086231 ], [ 77.180504939396087, 28.546149608978535 ] ] ] } },
{ "type": "Feature", "properties": { "cell_id": 9, "area_m2": 1468.1054737186059, "centroid_x": 713359.91852507985, "centroid_y": 3159328.8096004459 }, "geometry": { "type": "Polygon", "coordinates": [ [ [ 77.180449183516956, 28.543443604358242 ], [ 77.180959929465558, 28.543435398337675 ], [ 77.180951433903815, 28.543023146192436 ], [ 77.180446763874031, 28.543326163153978 ], [ 77.180449183516956, 28.543443604358242 ] ] ] } },
{ "type": "Feature", "properties": { "cell_id": 10, "area_m2": 2500.0, "centroid_x": 713355.28044849285, "centroid_y": 3159370.006568355 }, "geometry": { "type": "Polygon", "coordinates": [ [ [ 77.180449183516956, 28.543443604358242 ], [ 77.180458475629393, 28.543894605210156 ], [ 77.180969223750367, 28.543886399036428 ], [ 77.180959929465558, 28.543435398337675 ], [ 77.180449183516956, 28.543443604358242 ] ] ] } },
{ "type": "Feature", "properties": { "cell_id": 11, "area_m2": 2500.0, "centroid_x": 713355.28044849285, "centroid_y": 3159420.006568355 }, "geometry": { "type": "Polygon", "coordinates": [ [ [ 77.180458475629393, 28.543894605210156 ], [ 77.180467767955463, 28.544345606029324 ], [ 77.18097851824885, 28.544337399702439 ], [ 77.180969223750367, 28.543886399036428 ], [ 77.180458475629393, 28.543894605210156 ] ] ] } },
{ "type": "Feature", "properties": { "cell_id": 12, "area_m2": 2500.0, "centroid_x": 713355.28044849285, "centroid_y": 3159470.006568355 }, "geometry": { "type": "Polygon", "coordinates": [ [ [ 77.180467767955463, 28.544345606029324 ], [ 77.180477060495164, 28.544796606815748 ], [ 77.180987812961021, 28.544788400335694 ], [ 77.18097851824885, 28.544337399702439 ], [ 77.180467767955463, 28.544345606029324 ] ] ] } },
{ "type": "Feature", "properties": { "cell_id": 13, "area_m2": 2500.0, "centroid_x": 713355.28044849285, "centroid_y": 3159520.006568355 }, "geometry": { "type": "Polygon", "coordinates": [ [ [ 77.180477060495164, 28.544796606815748 ], [ 77.180486353248497, 28.545247607569419 ], [ 77.180997107886867, 28.545239400936207 ], [ 77.180987812961021, 28.544788400335694 ], [ 77.180477060495164, 28.544796606815748 ] ] ] } },
{ "type": "Feature", "properties": { "cell_id": 14, "area_m2": 2500.0, "centroid_x": 713355.28044849285, "centroid_y": 3159570.006568355 }, "geometry": { "type": "Polygon", "coordinates": [ [ [ 77.180486353248497, 28.545247607569419 ], [ 77.180495646215476, 28.545698608290351 ], [ 77.181006403026402, 28.545690401503972 ], [ 77.180997107886867, 28.545239400936207 ], [ 77.180486353248497, 28.545247607569419 ] ] ] } },
{ "type": "Feature", "properties": { "cell_id": 15, "area_m2": 2500.0, "centroid_x": 713355.28044849285, "centroid_y": 3159620.006568355 }, "geometry": { "type": "Polygon", "coordinates": [ [ [ 77.180495646215476, 28.545698608290351 ], [ 77.180504939396087, 28.546149608978535 ], [ 77.181015698379653, 28.546141402038987 ], [ 77.181006403026402, 28.545690401503972 ], [ 77.180495646215476, 28.545698608290351 ] ] ] } },
{ "type": "Feature", "properties": { "cell_id": 16, "area_m2": 2181.6724457886698, "centroid_x": 713354.30968642351, "centroid_y": 3159667.1446925816 }, "geometry": { "type": "Polygon", "coordinates": [ [ [ 77.181015698379653, 28.546141402038987 ], [ 77.180504939396087, 28.546149608978535 ], [ 77.180510723748498, 28.546430319988211 ], [ 77.180583412484225, 28.546599498142495 ], [ 77.18068911179995, 28.546597799832011 ], [ 77.181022117085334, 28.546452824659777 ], [ 77.181015698379653, 28.546141402038987 ] ] ] } },
{ "type": "Feature", "properties": { "cell_id": 17, "area_m2": 2485.8843523562346, "centroid_x": 713405.40996763366, "centroid_y": 3159320.1403953023 }, "geometry": { "type": "Polygon", "coordinates": [ [ [ 77.180959929465558, 28.543435398337675 ], [ 77.181470675200487, 28.54342719039823 ], [ 77.181461378957025, 28.542976189819921 ], [ 77.181017765166857, 28.542983318922413 ], [ 77.180951433903815, 28.543023146192436 ], [ 77.180959929465558, 28.543435398337675 ] ] ] } },
{ "type": "Feature", "properties": { "cell_id": 18, "area_m2": 2500.0, "centroid_x": 713405.28044849285, "centroid_y": 3159370.006568355 }, "geometry": { "type": "Polygon", "coordinates": [ [ [ 77.180959929465558, 28.543435398337675 ], [ 77.180969223750367, 28.543886399036428 ], [ 77.181479971657652, 28.54387819094379 ], [ 77.181470675200487, 28.54342719039823 ], [ 77.180959929465558, 28.543435398337675 ] ] ] } },
{ "type": "Feature", "properties": { "cell_id": 19, "area_m2": 2500.0, "centroid_x": 713405.28044849285, "centroid_y": 3159420.006568355 }, "geometry": { "type": "Polygon", "coordinates": [ [ [ 77.180969223750367, 28.543886399036428 ], [ 77.18097851824885, 28.544337399702439 ], [ 77.181489268328562, 28.544329191456601 ], [ 77.181479971657652, 28.54387819094379 ], [ 77.180969223750367, 28.543886399036428 ] ] ] } },
{ "type": "Feature", "properties": { "cell_id": 20, "area_m2": 2500.0, "centroid_x": 713405.28044849285, "centroid_y": 3159470.006568355 }, "geometry": { "type": "Polygon", "coordinates": [ [ [ 77.18097851824885, 28.544337399702439 ], [ 77.180987812961021, 28.544788400335694 ], [ 77.18149856521319, 28.544780191936663 ], [ 77.181489268328562, 28.544329191456601 ], [ 77.18097851824885, 28.544337399702439 ] ] ] } },
{ "type": "Feature", "properties": { "cell_id": 21, "area_m2": 2500.0, "centroid_x": 713405.28044849285, "centroid_y": 3159520.006568355 }, "geometry": { "type": "Polygon", "coordinates": [ [ [ 77.180987812961021, 28.544788400335694 ], [ 77.180997107886867, 28.545239400936207 ], [ 77.181507862311548, 28.54523119238398 ], [ 77.18149856521319, 28.544780191936663 ], [ 77.180987812961021, 28.544788400335694 ] ] ] } },
{ "type": "Feature", "properties": { "cell_id": 22, "area_m2": 2500.0, "centroid_x": 713405.28044849285, "centroid_y": 3159570.006568355 }, "geometry": { "type": "Polygon", "coordinates": [ [ [ 77.180997107886867, 28.545239400936207 ], [ 77.181006403026402, 28.545690401503972 ], [ 77.181517159623652, 28.545682192798541 ], [ 77.181507862311548, 28.54523119238398 ], [ 77.180997107886867, 28.545239400936207 ] ] ] } },
{ "type": "Feature", "properties": { "cell_id": 23, "area_m2": 2500.0, "centroid_x": 713405.28044849285, "centroid_y": 3159620.006568355 }, "geometry": { "type": "Polygon", "coordinates": [ [ [ 77.181006403026402, 28.545690401503972 ], [ 77.181015698379653, 28.546141402038987 ], [ 77.181526457149502, 28.546133193180353 ], [ 77.181517159623652, 28.545682192798541 ], [ 77.181006403026402, 28.545690401503972 ] ] ] } },
{ "type": "Feature", "properties": { "cell_id": 24, "area_m2": 1138.0123700131662, "centroid_x": 713400.97268072888, "centroid_y": 3159657.4003531639 }, "geometry": { "type": "Polygon", "coordinates": [ [ [ 77.181526457149502, 28.546133193180353 ], [ 77.181015698379653, 28.546141402038987 ], [ 77.181022117085334, 28.546452824659777 ], [ 77.181528501656544, 28.546232365852553 ], [ 77.181526457149502, 28.546133193180353 ] ] ] } },
{ "type": "Feature", "properties": { "cell_id": 25, "area_m2": 1426.0788778890856, "centroid_x": 713445.02243015275, "centroid_y": 3159372.6579192257 }, "geometry": { "type": "Polygon", "coordinates": [ [ [ 77.181470675200487, 28.54342719039823 ], [ 77.181479971657652, 28.54387819094379 ], [ 77.181864013723768, 28.543872017840588 ], [ 77.181669325532965, 28.543423997468786 ], [ 77.181470675200487, 28.54342719039823 ] ] ] } },
{ "type": "Feature", "properties": { "cell_id": 26, "area_m2": 2288.0628234509322, "centroid_x": 713453.34774620063, "centroid_y": 3159421.2671472784 }, "geometry": { "type": "Polygon", "coordinates": [ [ [ 77.181479971657652, 28.54387819094379 ], [ 77.181489268328562, 28.544329191456601 ], [ 77.182000018194529, 28.544320981291822 ], [ 77.181997074634637, 28.544178217717306 ], [ 77.181864013723768, 28.543872017840588 ], [ 77.181479971657652, 28.54387819094379 ] ] ] } },
{ "type": "Feature", "properties": { "cell_id": 27, "area_m2": 2500.0, "centroid_x": 713455.28044849285, "centroid_y": 3159470.006568355 }, "geometry": { "type": "Polygon", "coordinates": [ [ [ 77.181489268328562, 28.544329191456601 ], [ 77.18149856521319, 28.544780191936663 ], [ 77.182009317251627, 28.544771981618652 ], [ 77.182000018194529, 28.544320981291822 ], [ 77.181489268328562, 28.544329191456601 ] ] ] } },
{ "type": "Feature", "properties": { "cell_id": 28, "area_m2": 2500.0, "centroid_x": 713455.28044849285, "centroid_y": 3159520.006568355 }, "geometry": { "type": "Polygon", "coordinates": [ [ [ 77.18149856521319, 28.544780191936663 ], [ 77.181507862311548, 28.54523119238398 ], [ 77.182018616522498, 28.54522298191273 ], [ 77.182009317251627, 28.544771981618652 ], [ 77.18149856521319, 28.544780191936663 ] ] ] } },
{ "type": "Feature", "properties": { "cell_id": 29, "area_m2": 2500.0, "centroid_x": 713455.28044849285, "centroid_y": 3159570.006568355 }, "geometry": { "type": "Polygon", "coordinates": [ [ [ 77.181507862311548, 28.54523119238398 ], [ 77.181517159623652, 28.545682192798541 ], [ 77.182027916007158, 28.545673982174058 ], [ 77.182018616522498, 28.54522298191273 ], [ 77.181507862311548, 28.54523119238398 ] ] ] } },
{ "type": "Feature", "properties": { "cell_id": 30, "area_m2": 2500.0, "centroid_x": 713455.28044849285, "centroid_y": 3159620.006568355 }, "geometry": { "type": "Polygon", "coordinates": [ [ [ 77.181517159623652, 28.545682192798541 ], [ 77.181526457149502, 28.546133193180353 ], [ 77.18203721570562, 28.546124982402638 ], [ 77.182027916007158, 28.545673982174058 ], [ 77.181517159623652, 28.545682192798541 ] ] ] } },
{ "type": "Feature", "properties": { "cell_id": 31, "area_m2": 1593.4903066820877, "centroid_x": 713462.97616580769, "centroid_y": 3159666.1278634667 }, "geometry": { "type": "Polygon", "coordinates": [ [ [ 77.182046515617884, 28.546575982598458 ], [ 77.18203721570562, 28.546124982402638 ], [ 77.181526457149502, 28.546133193180353 ], [ 77.181528501656544, 28.546232365852553 ], [ 77.181648665685373, 28.546180051023022 ], [ 77.181845086700392, 28.546579220976255 ], [ 77.182046515617884, 28.546575982598458 ] ] ] } },
{ "type": "Feature", "properties": { "cell_id": 32, "area_m2": 754.02904126589976, "centroid_x": 713488.97294089431, "centroid_y": 3159475.4442149019 }, "geometry": { "type": "Polygon", "coordinates": [ [ [ 77.182000018194529, 28.544320981291822 ], [ 77.182009317251627, 28.544771981618652 ], [ 77.182414094454145, 28.544765473476293 ], [ 77.182246933633891, 28.54475318783015 ], [ 77.1820587036772, 28.544320037815563 ], [ 77.182000018194529, 28.544320981291822 ] ] ] } },
{ "type": "Feature", "properties": { "cell_id": 33, "area_m2": 2494.5326917087668, "centroid_x": 713505.23323481285, "centroid_y": 3159520.0605912413 }, "geometry": { "type": "Polygon", "coordinates": [ [ [ 77.182009317251627, 28.544771981618652 ], [ 77.182018616522498, 28.54522298191273 ], [ 77.18252937051966, 28.54521476952247 ], [ 77.182520265148909, 28.544773276485159 ], [ 77.182414094454145, 28.544765473476293 ], [ 77.182009317251627, 28.544771981618652 ] ] ] } },
{ "type": "Feature", "properties": { "cell_id": 34, "area_m2": 2500.0, "centroid_x": 713505.28044849285, "centroid_y": 3159570.006568355 }, "geometry": { "type": "Polygon", "coordinates": [ [ [ 77.182018616522498, 28.54522298191273 ], [ 77.182027916007158, 28.545673982174058 ], [ 77.182538672176875, 28.545665769630531 ], [ 77.18252937051966, 28.54521476952247 ], [ 77.182018616522498, 28.54522298191273 ] ] ] } },
{ "type": "Feature", "properties": { "cell_id": 35, "area_m2": 2500.0, "centroid_x": 713505.28044849285, "centroid_y": 3159620.006568355 }, "geometry": { "type": "Polygon", "coordinates": [ [ [ 77.182027916007158, 28.545673982174058 ], [ 77.18203721570562, 28.546124982402638 ], [ 77.182547974047935, 28.546116769705829 ], [ 77.182538672176875, 28.545665769630531 ], [ 77.182027916007158, 28.545673982174058 ] ] ] } },
{ "type": "Feature", "properties": { "cell_id": 36, "area_m2": 2500.0, "centroid_x": 713505.28044849285, "centroid_y": 3159670.006568355 }, "geometry": { "type": "Polygon", "coordinates": [ [ [ 77.18203721570562, 28.546124982402638 ], [ 77.182046515617884, 28.546575982598458 ], [ 77.182557276132854, 28.546567769748386 ], [ 77.182547974047935, 28.546116769705829 ], [ 77.18203721570562, 28.546124982402638 ] ] ] } },
{ "type": "Feature", "properties": { "cell_id": 37, "area_m2": 2498.946520176898, "centroid_x": 713505.29085664335, "centroid_y": 3159719.9963465012 }, "geometry": { "type": "Polygon", "coordinates": [ [ [ 77.182566578431619, 28.547018769758179 ], [ 77.182557276132854, 28.546567769748386 ], [ 77.182046515617884, 28.546575982598458 ], [ 77.182055395634805, 28.547006610220897 ], [ 77.182065345174578, 28.547026829547022 ], [ 77.182566578431619, 28.547018769758179 ] ] ] } },
{ "type": "Feature", "properties": { "cell_id": 38, "area_m2": 1937.0722276653396, "centroid_x": 713510.45104459394, "centroid_y": 3159767.7854988789 }, "geometry": { "type": "Polygon", "coordinates": [ [ [ 77.182575880944228, 28.547469769735223 ], [ 77.182566578431619, 28.547018769758179 ], [ 77.182065345174578, 28.547026829547022 ], [ 77.182285605620862, 28.547474437631045 ], [ 77.182575880944228, 28.547469769735223 ] ] ] } },
{ "type": "Feature", "properties": { "cell_id": 39, "area_m2": 904.50294789625332, "centroid_x": 713520.25311217515, "centroid_y": 3159815.2499536765 }, "geometry": { "type": "Polygon", "coordinates": [ [ [ 77.18258518367071, 28.547920769679514 ], [ 77.182575880944228, 28.547469769735223 ], [ 77.182285605620862, 28.547474437631045 ], [ 77.182505868039357, 28.547922045228301 ], [ 77.18258518367071, 28.547920769679514 ] ] ] } },
{ "type": "Feature", "properties": { "cell_id": 40, "area_m2": 2320.3040408785455, "centroid_x": 713554.82434502174, "centroid_y": 3159521.7803586475 }, "geometry": { "type": "Polygon", "coordinates": [ [ [ 77.18252937051966, 28.54521476952247 ], [ 77.183040124302977, 28.545206555213205 ], [ 77.183031962012691, 28.5448108824278 ], [ 77.182520265148909, 28.544773276485159 ], [ 77.18252937051966, 28.54521476952247 ] ] ] } },
{ "type": "Feature", "properties": { "cell_id": 41, "area_m2": 2500.0, "centroid_x": 713555.28044849285, "centroid_y": 3159570.006568355 }, "geometry": { "type": "Polygon", "coordinates": [ [ [ 77.18252937051966, 28.54521476952247 ], [ 77.182538672176875, 28.545665769630531 ], [ 77.183049428132747, 28.545657555167956 ], [ 77.183040124302977, 28.545206555213205 ], [ 77.18252937051966, 28.54521476952247 ] ] ] } },
{ "type": "Feature", "properties": { "cell_id": 42, "area_m2": 2500.0, "centroid_x": 713555.28044849285, "centroid_y": 3159620.006568355 }, "geometry": { "type": "Polygon", "coordinates": [ [ [ 77.182538672176875, 28.545665769630531 ], [ 77.182547974047935, 28.546116769705829 ], [ 77.183058732176406, 28.546108555089951 ], [ 77.183049428132747, 28.545657555167956 ], [ 77.182538672176875, 28.545665769630531 ] ] ] } },
{ "type": "Feature", "properties": { "cell_id": 43, "area_m2": 2500.0, "centroid_x": 713555.28044849285, "centroid_y": 3159670.006568355 }, "geometry": { "type": "Polygon", "coordinates": [ [ [ 77.182547974047935, 28.546116769705829 ], [ 77.182557276132854, 28.546567769748386 ], [ 77.18306803643398, 28.54655955497919 ], [ 77.183058732176406, 28.546108555089951 ], [ 77.182547974047935, 28.546116769705829 ] ] ] } },
{ "type": "Feature", "properties": { "cell_id": 44, "area_m2": 2500.0, "centroid_x": 713555.28044849285, "centroid_y": 3159720.006568355 }, "geometry": { "type": "Polygon", "coordinates": [ [ [ 77.182557276132854, 28.546567769748386 ], [ 77.182566578431619, 28.547018769758179 ], [ 77.183077340905442, 28.547010554835673 ], [ 77.18306803643398, 28.54655955497919 ], [ 77.182557276132854, 28.546567769748386 ] ] ] } },
{ "type": "Feature", "properties": { "cell_id": 45, "area_m2": 2500.0, "centroid_x": 713555.28044849285, "centroid_y": 3159770.006568355 }, "geometry": { "type": "Polygon", "coordinates": [ [ [ 77.182566578431619, 28.547018769758179 ], [ 77.182575880944228, 28.547469769735223 ], [ 77.183086645590805, 28.547461554659407 ], [ 77.183077340905442, 28.547010554835673 ], [ 77.182566578431619, 28.547018769758179 ] ] ] } },
{ "type": "Feature", "properties": { "cell_id": 46, "area_m2": 2500.0, "centroid_x": 713555.28044849285, "centroid_y": 3159820.006568355 }, "geometry": { "type": "Polygon", "coordinates": [ [ [ 77.182575880944228, 28.547469769735223 ], [ 77.18258518367071, 28.547920769679514 ], [ 77.183095950490085, 28.547912554450377 ], [ 77.183086645590805, 28.547461554659407 ], [ 77.182575880944228, 28.547469769735223 ] ] ] } },
{ "type": "Feature", "properties": { "cell_id": 47, "area_m2": 2298.9538411887847, "centroid_x": 713557.09106570063, "centroid_y": 3159868.7298207129 }, "geometry": { "type": "Polygon", "coordinates": [ [ [ 77.18310525560328, 28.548363554208603 ], [ 77.183095950490085, 28.547912554450377 ], [ 77.18258518367071, 28.547920769679514 ], [ 77.182588681301254, 28.548090333533452 ], [ 77.182726132430105, 28.548369652338767 ], [ 77.18310525560328, 28.548363554208603 ] ] ] } },
{ "type": "Feature", "properties": { "cell_id": 48, "area_m2": 1339.3643883551704, "centroid_x": 713566.22343066917, "centroid_y": 3159916.7943192944 }, "geometry": { "type": "Polygon", "coordinates": [ [ [ 77.183114560930377, 28.548814553934061 ], [ 77.18310525560328, 28.548363554208603 ], [ 77.182726132430105, 28.548369652338767 ], [ 77.182946398793135, 28.54881725896243 ], [ 77.183114560930377, 28.548814553934061 ] ] ] } },
{ "type": "Feature", "properties": { "cell_id": 49, "area_m2": 2066.3123464328237, "centroid_x": 713604.76828065491, "centroid_y": 3159524.3174276152 }, "geometry": { "type": "Polygon", "coordinates": [ [ [ 77.183040124302977, 28.545206555213205 ], [ 77.183550877872406, 28.545198338984932 ], [ 77.183543659106221, 28.544848486419973 ], [ 77.183031962012691, 28.5448108824278 ], [ 77.183040124302977, 28.545206555213205 ] ] ] } },
{ "type": "Feature", "properties": { "cell_id": 50, "area_m2": 2500.0, "centroid_x": 713605.28044849285, "centroid_y": 3159570.006568355 }, "geometry": { "type": "Polygon", "coordinates": [ [ [ 77.183040124302977, 28.545206555213205 ], [ 77.183049428132747, 28.545657555167956 ], [ 77.183560183874718, 28.545649338786337 ], [ 77.183550877872406, 28.545198338984932 ], [ 77.183040124302977, 28.545206555213205 ] ] ] } },
{ "type": "Feature", "properties": { "cell_id": 51, "area_m2": 2500.0, "centroid_x": 713605.28044849285, "centroid_y": 3159620.006568355 }, "geometry": { "type": "Polygon", "coordinates": [ [ [ 77.183049428132747, 28.545657555167956 ], [ 77.183058732176406, 28.546108555089951 ], [ 77.183569490090989, 28.546100338554982 ], [ 77.183560183874718, 28.545649338786337 ], [ 77.183049428132747, 28.545657555167956 ] ] ] } },
{ "type": "Feature", "properties": { "cell_id": 52, "area_m2": 2500.0, "centroid_x": 713605.28044849285, "centroid_y": 3159670.006568355 }, "geometry": { "type": "Polygon", "coordinates": [ [ [ 77.183058732176406, 28.546108555089951 ], [ 77.18306803643398, 28.54655955497919 ], [ 77.183578796521203, 28.546551338290886 ], [ 77.183569490090989, 28.546100338554982 ], [ 77.183058732176406, 28.546108555089951 ] ] ] } },
{ "type": "Feature", "properties": { "cell_id": 53, "area_m2": 2500.0, "centroid_x": 713605.28044849285, "centroid_y": 3159720.006568355 }, "geometry": { "type": "Polygon", "coordinates": [ [ [ 77.18306803643398, 28.54655955497919 ], [ 77.183077340905442, 28.547010554835673 ], [ 77.183588103165363, 28.547002337994019 ], [ 77.183578796521203, 28.546551338290886 ], [ 77.18306803643398, 28.54655955497919 ] ] ] } },
{ "type": "Feature", "properties": { "cell_id": 54, "area_m2": 2500.0, "centroid_x": 713605.28044849285, "centroid_y": 3159770.006568355 }, "geometry": { "type": "Polygon", "coordinates": [ [ [ 77.183077340905442, 28.547010554835673 ], [ 77.183086645590805, 28.547461554659407 ], [ 77.183597410023481, 28.547453337664408 ], [ 77.183588103165363, 28.547002337994019 ], [ 77.183077340905442, 28.547010554835673 ] ] ] } },
{ "type": "Feature", "properties": { "cell_id": 55, "area_m2": 2500.0, "centroid_x": 713605.28044849285, "centroid_y": 3159820.006568355 }, "geometry": { "type": "Polygon", "coordinates": [ [ [ 77.183086645590805, 28.547461554659407 ], [ 77.183095950490085, 28.547912554450377 ], [ 77.183606717095543, 28.547904337302025 ], [ 77.183597410023481, 28.547453337664408 ], [ 77.183086645590805, 28.547461554659407 ] ] ] } },
{ "type": "Feature", "properties": { "cell_id": 56, "area_m2": 2500.0, "centroid_x": 713605.28044849285, "centroid_y": 3159870.006568355 }, "geometry": { "type": "Polygon", "coordinates": [ [ [ 77.183095950490085, 28.547912554450377 ], [ 77.18310525560328, 28.548363554208603 ], [ 77.183616024381578, 28.548355336906898 ], [ 77.183606717095543, 28.547904337302025 ], [ 77.183095950490085, 28.547912554450377 ] ] ] } },
{ "type": "Feature", "properties": { "cell_id": 57, "area_m2": 2500.0, "centroid_x": 713605.28044849285, "centroid_y": 3159920.006568355 }, "geometry": { "type": "Polygon", "coordinates": [ [ [ 77.18310525560328, 28.548363554208603 ], [ 77.183114560930377, 28.548814553934061 ], [ 77.183625331881586, 28.548806336479007 ], [ 77.183616024381578, 28.548355336906898 ], [ 77.18310525560328, 28.548363554208603 ] ] ] } },
{ "type": "Feature", "properties": { "cell_id": 58, "area_m2": 2478.749191660283, "centroid_x": 713605.48280514823, "centroid_y": 3159969.8212274988 }, "geometry": { "type": "Polygon", "coordinates": [ [ [ 77.183634639595553, 28.549257336018357 ], [ 77.183625331881586, 28.548806336479007 ], [ 77.183114560930377, 28.548814553934061 ], [ 77.18312197852903, 28.549174053992452 ], [ 77.18316666712856, 28.549264865099271 ], [ 77.183634639595553, 28.549257336018357 ] ] ] } },
{ "type": "Feature", "properties": { "cell_id": 59, "area_m2": 1774.2258288169978, "centroid_x": 713612.03740872745, "centroid_y": 3160017.5816391669 }, "geometry": { "type": "Polygon", "coordinates": [ [ [ 77.183643947523493, 28.549708335524958 ], [ 77.183634639595553, 28.549257336018357 ], [ 77.18316666712856, 28.549264865099271 ], [ 77.183386937436424, 28.549712470749263 ], [ 77.183643947523493, 28.549708335524958 ] ] ] } },
{ "type": "Feature", "properties": { "cell_id": 60, "area_m2": 741.65654904500116, "centroid_x": 713621.66588989832, "centroid_y": 3160064.2055382095 }, "geometry": { "type": "Polygon", "coordinates": [ [ [ 77.183653255665433, 28.550159334998785 ], [ 77.183643947523493, 28.549708335524958 ], [ 77.183386937436424, 28.549712470749263 ], [ 77.183607209716754, 28.550160075912395 ], [ 77.183653255665433, 28.550159334998785 ] ] ] } },
{ "type": "Feature", "properties": { "cell_id": 61, "area_m2": 2057.3877813564513, "centroid_x": 713656.57004913769, "centroid_y": 3159524.2235173541 }, "geometry": { "type": "Polygon", "coordinates": [ [ [ 77.183550877872406, 28.545198338984932 ], [ 77.184061631227891, 28.545190120837653 ], [ 77.184052323267011, 28.54473912115688 ], [ 77.184045717598778, 28.544739227454443 ], [ 77.183752901520677, 28.544863862821799 ], [ 77.183543659106221, 28.544848486419973 ], [ 77.183550877872406, 28.545198338984932 ] ] ] } },
{ "type": "Feature", "properties": { "cell_id": 62, "area_m2": 2500.0, "centroid_x": 713655.28044849285, "centroid_y": 3159570.006568355 }, "geometry": { "type": "Polygon", "coordinates": [ [ [ 77.183550877872406, 28.545198338984932 ], [ 77.183560183874718, 28.545649338786337 ], [ 77.184070939402758, 28.545641120485683 ], [ 77.184061631227891, 28.545190120837653 ], [ 77.183550877872406, 28.545198338984932 ] ] ] } },
{ "type": "Feature", "properties": { "cell_id": 63, "area_m2": 2500.0, "centroid_x": 713655.28044849285, "centroid_y": 3159620.006568355 }, "geometry": { "type": "Polygon", "coordinates": [ [ [ 77.183560183874718, 28.545649338786337 ], [ 77.183569490090989, 28.546100338554982 ], [ 77.184080247791613, 28.546092120100955 ], [ 77.184070939402758, 28.545641120485683 ], [ 77.183560183874718, 28.545649338786337 ] ] ] } },
{ "type": "Feature", "properties": { "cell_id": 64, "area_m2": 2500.0, "centroid_x": 713655.28044849285, "centroid_y": 3159670.006568355 }, "geometry": { "type": "Polygon", "coordinates": [ [ [ 77.183569490090989, 28.546100338554982 ], [ 77.183578796521203, 28.546551338290886 ], [ 77.184089556394468, 28.546543119683466 ], [ 77.184080247791613, 28.546092120100955 ], [ 77.183569490090989, 28.546100338554982 ] ] ] } },
{ "type": "Feature", "properties": { "cell_id": 65, "area_m2": 2500.0, "centroid_x": 713655.28044849285, "centroid_y": 3159720.006568355 }, "geometry": { "type": "Polygon", "coordinates": [ [ [ 77.183578796521203, 28.546551338290886 ], [ 77.183588103165363, 28.547002337994019 ], [ 77.184098865211325, 28.546994119233226 ], [ 77.184089556394468, 28.546543119683466 ], [ 77.183578796521203, 28.546551338290886 ] ] ] } },
{ "type": "Feature", "properties": { "cell_id": 66, "area_m2": 2500.0, "centroid_x": 713655.28044849285, "centroid_y": 3159770.006568355 }, "geometry": { "type": "Polygon", "coordinates": [ [ [ 77.183588103165363, 28.547002337994019 ], [ 77.183597410023481, 28.547453337664408 ], [ 77.184108174242184, 28.547445118750218 ], [ 77.184098865211325, 28.546994119233226 ], [ 77.183588103165363, 28.547002337994019 ] ] ] } },
{ "type": "Feature", "properties": { "cell_id": 67, "area_m2": 2500.0, "centroid_x": 713655.28044849285, "centroid_y": 3159820.006568355 }, "geometry": { "type": "Polygon", "coordinates": [ [ [ 77.183597410023481, 28.547453337664408 ], [ 77.183606717095543, 28.547904337302025 ], [ 77.184117483487043, 28.547896118234458 ], [ 77.184108174242184, 28.547445118750218 ], [ 77.183597410023481, 28.547453337664408 ] ] ] } },
{ "type": "Feature", "properties": { "cell_id": 68, "area_m2": 2500.0, "centroid_x": 713655.28044849285, "centroid_y": 3159870.006568355 }, "geometry": { "type": "Polygon", "coordinates": [ [ [ 77.183606717095543, 28.547904337302025 ], [ 77.183616024381578, 28.548355336906898 ], [ 77.184126792945932, 28.548347117685935 ], [ 77.184117483487043, 28.547896118234458 ], [ 77.183606717095543, 28.547904337302025 ] ] ] } },
{ "type": "Feature", "properties": { "cell_id": 69, "area_m2": 2500.0, "centroid_x": 713655.28044849285, "centroid_y": 3159920.006568355 }, "geometry": { "type": "Polygon", "coordinates": [ [ [ 77.183616024381578, 28.548355336906898 ], [ 77.183625331881586, 28.548806336479007 ], [ 77.184136102618837, 28.54879811710466 ], [ 77.184126792945932, 28.548347117685935 ], [ 77.183616024381578, 28.548355336906898 ] ] ] } },
{ "type": "Feature", "properties": { "cell_id": 70, "area_m2": 2500.0, "centroid_x": 713655.28044849285, "centroid_y": 3159970.006568355 }, "geometry": { "type": "Polygon", "coordinates": [ [ [ 77.183625331881586, 28.548806336479007 ], [ 77.183634639595553, 28.549257336018357 ], [ 77.184145412505742, 28.549249116490628 ], [ 77.184136102618837, 28.54879811710466 ], [ 77.183625331881586, 28.548806336479007 ] ] ] } },
{ "type": "Feature", "properties": { "cell_id": 71, "area_m2": 2500.0, "centroid_x": 713655.28044849285, "centroid_y": 3160020.006568355 }, "geometry": { "type": "Polygon", "coordinates": [ [ [ 77.183634639595553, 28.549257336018357 ], [ 77.183643947523493, 28.549708335524958 ], [ 77.184154722606678, 28.549700115843827 ], [ 77.184145412505742, 28.549249116490628 ], [ 77.183634639595553, 28.549257336018357 ] ] ] } },
{ "type": "Feature", "properties": { "cell_id": 72, "area_m2": 2500.0, "centroid_x": 713655.28044849285, "centroid_y": 3160070.006568355 }, "geometry": { "type": "Polygon", "coordinates": [ [ [ 77.183643947523493, 28.549708335524958 ], [ 77.183653255665433, 28.550159334998785 ], [ 77.184164032921643, 28.550151115164269 ], [ 77.184154722606678, 28.549700115843827 ], [ 77.183643947523493, 28.549708335524958 ] ] ] } },
{ "type": "Feature", "properties": { "cell_id": 73, "area_m2": 1797.0344898721089, "centroid_x": 713656.23163598555, "centroid_y": 3160113.9034141242 }, "geometry": { "type": "Polygon", "coordinates": [ [ [ 77.184164032921643, 28.550151115164269 ], [ 77.183653255665433, 28.550159334998785 ], [ 77.183655287319013, 28.550257771597614 ], [ 77.183812461790509, 28.5505771551592 ], [ 77.184169861151275, 28.550433434112215 ], [ 77.184164032921643, 28.550151115164269 ] ] ] } },
{ "type": "Feature", "properties": { "cell_id": 74, "area_m2": 2500.0, "centroid_x": 713705.28044849285, "centroid_y": 3159520.006568355 }, "geometry": { "type": "Polygon", "coordinates": [ [ [ 77.184052323267011, 28.54473912115688 ], [ 77.184061631227891, 28.545190120837653 ], [ 77.184572384369389, 28.545181900771386 ], [ 77.184563074236024, 28.544730901244012 ], [ 77.184052323267011, 28.54473912115688 ] ] ] } },
{ "type": "Feature", "properties": { "cell_id": 75, "area_m2": 2500.0, "centroid_x": 713705.28044849285, "centroid_y": 3159570.006568355 }, "geometry": { "type": "Polygon", "coordinates": [ [ [ 77.184061631227891, 28.545190120837653 ], [ 77.184070939402758, 28.545641120485683 ], [ 77.184581694716798, 28.545632900265989 ], [ 77.184572384369389, 28.545181900771386 ], [ 77.184061631227891, 28.545190120837653 ] ] ] } },
{ "type": "Feature", "properties": { "cell_id": 76, "area_m2": 2500.0, "centroid_x": 713705.28044849285, "centroid_y": 3159620.006568355 }, "geometry": { "type": "Polygon", "coordinates": [ [ [ 77.184070939402758, 28.545641120485683 ], [ 77.184080247791613, 28.546092120100955 ], [ 77.18459100527825, 28.546083899727847 ], [ 77.184581694716798, 28.545632900265989 ], [ 77.184070939402758, 28.545641120485683 ] ] ] } },
{ "type": "Feature", "properties": { "cell_id": 77, "area_m2": 2500.0, "centroid_x": 713705.28044849285, "centroid_y": 3159670.006568355 }, "geometry": { "type": "Polygon", "coordinates": [ [ [ 77.184080247791613, 28.546092120100955 ], [ 77.184089556394468, 28.546543119683466 ], [ 77.184600316053746, 28.546534899156942 ], [ 77.18459100527825, 28.546083899727847 ], [ 77.184080247791613, 28.546092120100955 ] ] ] } },
{ "type": "Feature", "properties": { "cell_id": 78, "area_m2": 2500.0, "centroid_x": 713705.28044849285, "centroid_y": 3159720.006568355 }, "geometry": { "type": "Polygon", "coordinates": [ [ [ 77.184089556394468, 28.546543119683466 ], [ 77.184098865211325, 28.546994119233226 ], [ 77.184609627043287, 28.546985898553277 ], [ 77.184600316053746, 28.546534899156942 ], [ 77.184089556394468, 28.546543119683466 ] ] ] } },
{ "type": "Feature", "properties": { "cell_id": 79, "area_m2": 2500.0, "centroid_x": 713705.28044849285, "centroid_y": 3159770.006568355 }, "geometry": { "type": "Polygon", "coordinates": [ [ [ 77.184098865211325, 28.546994119233226 ], [ 77.184108174242184, 28.547445118750218 ], [ 77.184618938246885, 28.547436897916853 ], [ 77.184609627043287, 28.546985898553277 ], [ 77.184098865211325, 28.546994119233226 ] ] ] } },
{ "type": "Feature", "properties": { "cell_id": 80, "area_m2": 2500.0, "centroid_x": 713705.28044849285, "centroid_y": 3159820.006568355 }, "geometry": { "type": "Polygon", "coordinates": [ [ [ 77.184108174242184, 28.547445118750218 ], [ 77.184117483487043, 28.547896118234458 ], [ 77.184628249664541, 28.547887897247673 ], [ 77.184618938246885, 28.547436897916853 ], [ 77.184108174242184, 28.547445118750218 ] ] ] } },
{ "type": "Feature", "properties": { "cell_id": 81, "area_m2": 2500.0, "centroid_x": 713705.28044849285, "centroid_y": 3159870.006568355 }, "geometry": { "type": "Polygon", "coordinates": [ [ [ 77.184117483487043, 28.547896118234458 ], [ 77.184126792945932, 28.548347117685935 ], [ 77.184637561296256, 28.548338896545729 ], [ 77.184628249664541, 28.547887897247673 ], [ 77.184117483487043, 28.547896118234458 ] ] ] } },
{ "type": "Feature", "properties": { "cell_id": 82, "area_m2": 2500.0, "centroid_x": 713705.28044849285, "centroid_y": 3159920.006568355 }, "geometry": { "type": "Polygon", "coordinates": [ [ [ 77.184126792945932, 28.548347117685935 ], [ 77.184136102618837, 28.54879811710466 ], [ 77.184646873142043, 28.548789895811026 ], [ 77.184637561296256, 28.548338896545729 ], [ 77.184126792945932, 28.548347117685935 ] ] ] } },
{ "type": "Feature", "properties": { "cell_id": 83, "area_m2": 2500.0, "centroid_x": 713705.28044849285, "centroid_y": 3159970.006568355 }, "geometry": { "type": "Polygon", "coordinates": [ [ [ 77.184136102618837, 28.54879811710466 ], [ 77.184145412505742, 28.549249116490628 ], [ 77.184656185201902, 28.549240895043567 ], [ 77.184646873142043, 28.548789895811026 ], [ 77.184136102618837, 28.54879811710466 ] ] ] } },
{ "type": "Feature", "properties": { "cell_id": 84, "area_m2": 2500.0, "centroid_x": 713705.28044849285, "centroid_y": 3160020.006568355 }, "geometry": { "type": "Polygon", "coordinates": [ [ [ 77.184145412505742, 28.549249116490628 ], [ 77.184154722606678, 28.549700115843827 ], [ 77.184665497475834, 28.549691894243342 ], [ 77.184656185201902, 28.549240895043567 ], [ 77.184145412505742, 28.549249116490628 ] ] ] } },
{ "type": "Feature", "properties": { "cell_id": 85, "area_m2": 2500.0, "centroid_x": 713705.28044849285, "centroid_y": 3160070.006568355 }, "geometry": { "type": "Polygon", "coordinates": [ [ [ 77.184154722606678, 28.549700115843827 ], [ 77.184164032921643, 28.550151115164269 ], [ 77.184674809963838, 28.55014289341036 ], [ 77.184665497475834, 28.549691894243342 ], [ 77.184154722606678, 28.549700115843827 ] ] ] } },
{ "type": "Feature", "properties": { "cell_id": 86, "area_m2": 1022.9558156919666, "centroid_x": 713700.86507740791, "centroid_y": 3160106.193392287 }, "geometry": { "type": "Polygon", "coordinates": [ [ [ 77.184674809963838, 28.55014289341036 ], [ 77.184164032921643, 28.550151115164269 ], [ 77.184169861151275, 28.550433434112215 ], [ 77.18467660151839, 28.550229656314642 ], [ 77.184674809963838, 28.55014289341036 ] ] ] } },
{ "type": "Feature", "properties": { "cell_id": 87, "area_m2": 1739.0220843954012, "centroid_x": 713758.03448055848, "centroid_y": 3159476.9832300092 }, "geometry": { "type": "Polygon", "coordinates": [ [ [ 77.184563074236024, 28.544730901244012 ], [ 77.185073824991008, 28.544722679412189 ], [ 77.185065206676967, 28.544305281123137 ], [ 77.184558738381199, 28.544520861124205 ], [ 77.184563074236024, 28.544730901244012 ] ] ] } },
{ "type": "Feature", "properties": { "cell_id": 88, "area_m2": 2500.0, "centroid_x": 713755.28044849285, "centroid_y": 3159520.006568355 }, "geometry": { "type": "Polygon", "coordinates": [ [ [ 77.184563074236024, 28.544730901244012 ], [ 77.184572384369389, 28.545181900771386 ], [ 77.185083137296857, 28.54517367878611 ], [ 77.185073824991008, 28.544722679412189 ], [ 77.184563074236024, 28.544730901244012 ] ] ] } },
{ "type": "Feature", "properties": { "cell_id": 89, "area_m2": 2500.0, "centroid_x": 713755.28044849285, "centroid_y": 3159570.006568355 }, "geometry": { "type": "Polygon", "coordinates": [ [ [ 77.184572384369389, 28.545181900771386 ], [ 77.184581694716798, 28.545632900265989 ], [ 77.185092449816793, 28.545624678127268 ], [ 77.185083137296857, 28.54517367878611 ], [ 77.184572384369389, 28.545181900771386 ] ] ] } },
{ "type": "Feature", "properties": { "cell_id": 90, "area_m2": 2500.0, "centroid_x": 713755.28044849285, "centroid_y": 3159620.006568355 }, "geometry": { "type": "Polygon", "coordinates": [ [ [ 77.184581694716798, 28.545632900265989 ], [ 77.18459100527825, 28.546083899727847 ], [ 77.185101762550829, 28.546075677435667 ], [ 77.185092449816793, 28.545624678127268 ], [ 77.184581694716798, 28.545632900265989 ] ] ] } },
{ "type": "Feature", "properties": { "cell_id": 91, "area_m2": 2500.0, "centroid_x": 713755.28044849285, "centroid_y": 3159670.006568355 }, "geometry": { "type": "Polygon", "coordinates": [ [ [ 77.18459100527825, 28.546083899727847 ], [ 77.184600316053746, 28.546534899156942 ], [ 77.185111075498966, 28.546526676711313 ], [ 77.185101762550829, 28.546075677435667 ], [ 77.18459100527825, 28.546083899727847 ] ] ] } },
{ "type": "Feature", "properties": { "cell_id": 92, "area_m2": 2500.0, "centroid_x": 713755.28044849285, "centroid_y": 3159720.006568355 }, "geometry": { "type": "Polygon", "coordinates": [ [ [ 77.184600316053746, 28.546534899156942 ], [ 77.184609627043287, 28.546985898553277 ], [ 77.185120388661204, 28.546977675954192 ], [ 77.185111075498966, 28.546526676711313 ], [ 77.184600316053746, 28.546534899156942 ] ] ] } },
{ "type": "Feature", "properties": { "cell_id": 93, "area_m2": 2500.0, "centroid_x": 713755.28044849285, "centroid_y": 3159770.006568355 }, "geometry": { "type": "Polygon", "coordinates": [ [ [ 77.184609627043287, 28.546985898553277 ], [ 77.184618938246885, 28.547436897916853 ], [ 77.185129702037528, 28.547428675164308 ], [ 77.185120388661204, 28.546977675954192 ], [ 77.184609627043287, 28.546985898553277 ] ] ] } },
{ "type": "Feature", "properties": { "cell_id": 94, "area_m2": 2500.0, "centroid_x": 713755.28044849285, "centroid_y": 3159820.006568355 }, "geometry": { "type": "Polygon", "coordinates": [ [ [ 77.184618938246885, 28.547436897916853 ], [ 77.184628249664541, 28.547887897247673 ], [ 77.185139015627968, 28.547879674341672 ], [ 77.185129702037528, 28.547428675164308 ], [ 77.184618938246885, 28.547436897916853 ] ] ] } },
{ "type": "Feature", "properties": { "cell_id": 95, "area_m2": 2500.0, "centroid_x": 713755.28044849285, "centroid_y": 3159870.006568355 }, "geometry": { "type": "Polygon", "coordinates": [ [ [ 77.184628249664541, 28.547887897247673 ], [ 77.184637561296256, 28.548338896545729 ], [ 77.185148329432522, 28.548330673486277 ], [ 77.185139015627968, 28.547879674341672 ], [ 77.184628249664541, 28.547887897247673 ] ] ] } },
{ "type": "Feature", "properties": { "cell_id": 96, "area_m2": 2500.0, "centroid_x": 713755.28044849285, "centroid_y": 3159920.006568355 }, "geometry": { "type": "Polygon", "coordinates": [ [ [ 77.184637561296256, 28.548338896545729 ], [ 77.184646873142043, 28.548789895811026 ], [ 77.185157643451205, 28.548781672598103 ], [ 77.185148329432522, 28.548330673486277 ], [ 77.184637561296256, 28.548338896545729 ] ] ] } },
{ "type": "Feature", "properties": { "cell_id": 97, "area_m2": 2500.0, "centroid_x": 713755.28044849285, "centroid_y": 3159970.006568355 }, "geometry": { "type": "Polygon", "coordinates": [ [ [ 77.184646873142043, 28.548789895811026 ], [ 77.184656185201902, 28.549240895043567 ], [ 77.18516695768399, 28.549232671677188 ], [ 77.185157643451205, 28.548781672598103 ], [ 77.184646873142043, 28.548789895811026 ] ] ] } },
{ "type": "Feature", "properties": { "cell_id": 98, "area_m2": 2500.0, "centroid_x": 713755.28044849285, "centroid_y": 3160020.006568355 }, "geometry": { "type": "Polygon", "coordinates": [ [ [ 77.184656185201902, 28.549240895043567 ], [ 77.184665497475834, 28.549691894243342 ], [ 77.185176272130903, 28.5496836707235 ], [ 77.18516695768399, 28.549232671677188 ], [ 77.184656185201902, 28.549240895043567 ] ] ] } },
{ "type": "Feature", "properties": { "cell_id": 99, "area_m2": 2332.2488369173561, "centroid_x": 713754.1491923423, "centroid_y": 3160068.497576423 }, "geometry": { "type": "Polygon", "coordinates": [ [ [ 77.185176272130903, 28.5496836707235 ], [ 77.184665497475834, 28.549691894243342 ], [ 77.184674809963838, 28.55014289341036 ], [ 77.184901427899774, 28.550139245025079 ], [ 77.185183339827162, 28.550025876724593 ], [ 77.185176272130903, 28.5496836707235 ] ] ] } },
{ "type": "Feature", "properties": { "cell_id": 100, "area_m2": 2484.9089254128967, "centroid_x": 713805.41587395791, "centroid_y": 3159470.1508544702 }, "geometry": { "type": "Polygon", "coordinates": [ [ [ 77.185073824991008, 28.544722679412189 ], [ 77.185584575531891, 28.54471445566141 ], [ 77.185575261267687, 28.54426345640822 ], [ 77.185147276519444, 28.544270347552857 ], [ 77.185065206676967, 28.544305281123137 ], [ 77.185073824991008, 28.544722679412189 ] ] ] } },
{ "type": "Feature", "properties": { "cell_id": 101, "area_m2": 2500.0, "centroid_x": 713805.28044849285, "centroid_y": 3159520.006568355 }, "geometry": { "type": "Polygon", "coordinates": [ [ [ 77.185073824991008, 28.544722679412189 ], [ 77.185083137296857, 28.54517367878611 ], [ 77.185593890010225, 28.545165454881843 ], [ 77.185584575531891, 28.54471445566141 ], [ 77.185073824991008, 28.544722679412189 ] ] ] } },
{ "type": "Feature", "properties": { "cell_id": 102, "area_m2": 2500.0, "centroid_x": 713805.28044849285, "centroid_y": 3159570.006568355 }, "geometry": { "type": "Polygon", "coordinates": [ [ [ 77.185083137296857, 28.54517367878611 ], [ 77.185092449816793, 28.545624678127268 ], [ 77.185603204702701, 28.545616454069513 ], [ 77.185593890010225, 28.545165454881843 ], [ 77.185083137296857, 28.54517367878611 ] ] ] } },
{ "type": "Feature", "properties": { "cell_id": 103, "area_m2": 2500.0, "centroid_x": 713805.28044849285, "centroid_y": 3159620.006568355 }, "geometry": { "type": "Polygon", "coordinates": [ [ [ 77.185092449816793, 28.545624678127268 ], [ 77.185101762550829, 28.546075677435667 ], [ 77.185612519609322, 28.546067453224424 ], [ 77.185603204702701, 28.545616454069513 ], [ 77.185092449816793, 28.545624678127268 ] ] ] } },
{ "type": "Feature", "properties": { "cell_id": 104, "area_m2": 2500.0, "centroid_x": 713805.28044849285, "centroid_y": 3159670.006568355 }, "geometry": { "type": "Polygon", "coordinates": [ [ [ 77.185101762550829, 28.546075677435667 ], [ 77.185111075498966, 28.546526676711313 ], [ 77.185621834730085, 28.546518452346579 ], [ 77.185612519609322, 28.546067453224424 ], [ 77.185101762550829, 28.546075677435667 ] ] ] } },
{ "type": "Feature", "properties": { "cell_id": 105, "area_m2": 2500.0, "centroid_x": 713805.28044849285, "centroid_y": 3159720.006568355 }, "geometry": { "type": "Polygon", "coordinates": [ [ [ 77.185111075498966, 28.546526676711313 ], [ 77.185120388661204, 28.546977675954192 ], [ 77.185631150065007, 28.546969451435974 ], [ 77.185621834730085, 28.546518452346579 ], [ 77.185111075498966, 28.546526676711313 ] ] ] } },
{ "type": "Feature", "properties": { "cell_id": 106, "area_m2": 2500.0, "centroid_x": 713805.28044849285, "centroid_y": 3159770.006568355 }, "geometry": { "type": "Polygon", "coordinates": [ [ [ 77.185120388661204, 28.546977675954192 ], [ 77.185129702037528, 28.547428675164308 ], [ 77.185640465614071, 28.547420450492599 ], [ 77.185631150065007, 28.546969451435974 ], [ 77.185120388661204, 28.546977675954192 ] ] ] } },
{ "type": "Feature", "properties": { "cell_id": 107, "area_m2": 2500.0, "centroid_x": 713805.28044849285, "centroid_y": 3159820.006568355 }, "geometry": { "type": "Polygon", "coordinates": [ [ [ 77.185129702037528, 28.547428675164308 ], [ 77.185139015627968, 28.547879674341672 ], [ 77.185649781377293, 28.547871449516471 ], [ 77.185640465614071, 28.547420450492599 ], [ 77.185129702037528, 28.547428675164308 ] ] ] } },
{ "type": "Feature", "properties": { "cell_id": 108, "area_m2": 2500.0, "centroid_x": 713805.28044849285, "centroid_y": 3159870.006568355 }, "geometry": { "type": "Polygon", "coordinates": [ [ [ 77.185139015627968, 28.547879674341672 ], [ 77.185148329432522, 28.548330673486277 ], [ 77.185659097354673, 28.548322448507573 ], [ 77.185649781377293, 28.547871449516471 ], [ 77.185139015627968, 28.547879674341672 ] ] ] } },
{ "type": "Feature", "properties": { "cell_id": 109, "area_m2": 2500.0, "centroid_x": 713805.28044849285, "centroid_y": 3159920.006568355 }, "geometry": { "type": "Polygon", "coordinates": [ [ [ 77.185148329432522, 28.548330673486277 ], [ 77.185157643451205, 28.548781672598103 ], [ 77.185668413546225, 28.548773447465909 ], [ 77.185659097354673, 28.548322448507573 ], [ 77.185148329432522, 28.548330673486277 ] ] ] } },
{ "type": "Feature", "properties": { "cell_id": 110, "area_m2": 2500.0, "centroid_x": 713805.28044849285, "centroid_y": 3159970.006568355 }, "geometry": { "type": "Polygon", "coordinates": [ [ [ 77.185157643451205, 28.548781672598103 ], [ 77.18516695768399, 28.549232671677188 ], [ 77.185677729951962, 28.549224446391491 ], [ 77.185668413546225, 28.548773447465909 ], [ 77.185157643451205, 28.548781672598103 ] ] ] } },
{ "type": "Feature", "properties": { "cell_id": 111, "area_m2": 2500.0, "centroid_x": 713805.28044849285, "centroid_y": 3160020.006568355 }, "geometry": { "type": "Polygon", "coordinates": [ [ [ 77.18516695768399, 28.549232671677188 ], [ 77.185176272130903, 28.5496836707235 ], [ 77.185687046571843, 28.549675445284315 ], [ 77.185677729951962, 28.549224446391491 ], [ 77.18516695768399, 28.549232671677188 ] ] ] } },
{ "type": "Feature", "properties": { "cell_id": 112, "area_m2": 1354.925641475711, "centroid_x": 713801.94688582968, "centroid_y": 3160059.2785512139 }, "geometry": { "type": "Polygon", "coordinates": [ [ [ 77.185687046571843, 28.549675445284315 ], [ 77.185176272130903, 28.5496836707235 ], [ 77.185183339827162, 28.550025876724593 ], [ 77.185690076077563, 28.549822095342098 ], [ 77.185687046571843, 28.549675445284315 ] ] ] } },
{ "type": "Feature", "properties": { "cell_id": 113, "area_m2": 1749.5861880685009, "centroid_x": 713850.10701957752, "centroid_y": 3159474.8092420255 }, "geometry": { "type": "Polygon", "coordinates": [ [ [ 77.185575261267687, 28.54426345640822 ], [ 77.185584575531891, 28.54471445566141 ], [ 77.186095325858659, 28.544706229991668 ], [ 77.186090950548831, 28.544494427046359 ], [ 77.185926577925343, 28.544562827194746 ], [ 77.18576251414008, 28.544260440954265 ], [ 77.185575261267687, 28.54426345640822 ] ] ] } },
{ "type": "Feature", "properties": { "cell_id": 114, "area_m2": 2500.0, "centroid_x": 713855.28044849285, "centroid_y": 3159520.006568355 }, "geometry": { "type": "Polygon", "coordinates": [ [ [ 77.185584575531891, 28.54471445566141 ], [ 77.185593890010225, 28.545165454881843 ], [ 77.186104642509463, 28.545157229058582 ], [ 77.186095325858659, 28.544706229991668 ], [ 77.185584575531891, 28.54471445566141 ] ] ] } },
{ "type": "Feature", "properties": { "cell_id": 115, "area_m2": 2500.0, "centroid_x": 713855.28044849285, "centroid_y": 3159570.006568355 }, "geometry": { "type": "Polygon", "coordinates": [ [ [ 77.185593890010225, 28.545165454881843 ], [ 77.185603204702701, 28.545616454069513 ], [ 77.186113959374467, 28.545608228092732 ], [ 77.186104642509463, 28.545157229058582 ], [ 77.185593890010225, 28.545165454881843 ] ] ] } },
{ "type": "Feature", "properties": { "cell_id": 116, "area_m2": 2500.0, "centroid_x": 713855.28044849285, "centroid_y": 3159620.006568355 }, "geometry": { "type": "Polygon", "coordinates": [ [ [ 77.185603204702701, 28.545616454069513 ], [ 77.185612519609322, 28.546067453224424 ], [ 77.186123276453671, 28.546059227094119 ], [ 77.186113959374467, 28.545608228092732 ], [ 77.185603204702701, 28.545616454069513 ] ] ] } },
{ "type": "Feature", "properties": { "cell_id": 117, "area_m2": 2500.0, "centroid_x": 713855.28044849285, "centroid_y": 3159670.006568355 }, "geometry": { "type": "Polygon", "coordinates": [ [ [ 77.185612519609322, 28.546067453224424 ], [ 77.185621834730085, 28.546518452346579 ], [ 77.186132593747061, 28.54651022606275 ], [ 77.186123276453671, 28.546059227094119 ], [ 77.185612519609322, 28.546067453224424 ] ] ] } },
{ "type": "Feature", "properties": { "cell_id": 118, "area_m2": 2500.0, "centroid_x": 713855.28044849285, "centroid_y": 3159720.006568355 }, "geometry": { "type": "Polygon", "coordinates": [ [ [ 77.185621834730085, 28.546518452346579 ], [ 77.185631150065007, 28.546969451435974 ], [ 77.186141911254637, 28.546961224998615 ], [ 77.186132593747061, 28.54651022606275 ], [ 77.185621834730085, 28.546518452346579 ] ] ] } },
{ "type": "Feature", "properties": { "cell_id": 119, "area_m2": 2500.0, "centroid_x": 713855.28044849285, "centroid_y": 3159770.006568355 }, "geometry": { "type": "Polygon", "coordinates": [ [ [ 77.185631150065007, 28.546969451435974 ], [ 77.185640465614071, 28.547420450492599 ], [ 77.186151228976442, 28.54741222390172 ], [ 77.186141911254637, 28.546961224998615 ], [ 77.185631150065007, 28.546969451435974 ] ] ] } },
{ "type": "Feature", "properties": { "cell_id": 120, "area_m2": 2500.0, "centroid_x": 713855.28044849285, "centroid_y": 3159820.006568355 }, "geometry": { "type": "Polygon", "coordinates": [ [ [ 77.185640465614071, 28.547420450492599 ], [ 77.185649781377293, 28.547871449516471 ], [ 77.186160546912447, 28.547863222772051 ], [ 77.186151228976442, 28.54741222390172 ], [ 77.185640465614071, 28.547420450492599 ] ] ] } },
{ "type": "Feature", "properties": { "cell_id": 121, "area_m2": 2500.0, "centroid_x": 713855.28044849285, "centroid_y": 3159870.006568355 }, "geometry": { "type": "Polygon", "coordinates": [ [ [ 77.185649781377293, 28.547871449516471 ], [ 77.185659097354673, 28.548322448507573 ], [ 77.186169865062666, 28.548314221609626 ], [ 77.186160546912447, 28.547863222772051 ], [ 77.185649781377293, 28.547871449516471 ] ] ] } },
{ "type": "Feature", "properties": { "cell_id": 122, "area_m2": 2500.0, "centroid_x": 713855.28044849285, "centroid_y": 3159920.006568355 }, "geometry": { "type": "Polygon", "coordinates": [ [ [ 77.185659097354673, 28.548322448507573 ], [ 77.185668413546225, 28.548773447465909 ], [ 77.186179183427086, 28.548765220414442 ], [ 77.186169865062666, 28.548314221609626 ], [ 77.185659097354673, 28.548322448507573 ] ] ] } },
{ "type": "Feature", "properties": { "cell_id": 123, "area_m2": 2500.0, "centroid_x": 713855.28044849285, "centroid_y": 3159970.006568355 }, "geometry": { "type": "Polygon", "coordinates": [ [ [ 77.185668413546225, 28.548773447465909 ], [ 77.185677729951962, 28.549224446391491 ], [ 77.186188502005749, 28.549216219186487 ], [ 77.186179183427086, 28.548765220414442 ], [ 77.185668413546225, 28.548773447465909 ] ] ] } },
{ "type": "Feature", "properties": { "cell_id": 124, "area_m2": 2466.1012201660574, "centroid_x": 713854.99409528472, "centroid_y": 3160019.6877640109 }, "geometry": { "type": "Polygon", "coordinates": [ [ [ 77.186188502005749, 28.549216219186487 ], [ 77.185677729951962, 28.549224446391491 ], [ 77.185687046571843, 28.549675445284315 ], [ 77.186070083339132, 28.549669275652878 ], [ 77.186196810269578, 28.549618312167219 ], [ 77.186188502005749, 28.549216219186487 ] ] ] } },
{ "type": "Feature", "properties": { "cell_id": 125, "area_m2": 1735.5239946627989, "centroid_x": 713907.9763089061, "centroid_y": 3159477.0458946088 }, "geometry": { "type": "Polygon", "coordinates": [ [ [ 77.186095325858659, 28.544706229991668 ], [ 77.186606075971227, 28.544698002402981 ], [ 77.186597514130909, 28.544283629687435 ], [ 77.186090950548831, 28.544494427046359 ], [ 77.186095325858659, 28.544706229991668 ] ] ] } },
{ "type": "Feature", "properties": { "cell_id": 126, "area_m2": 2500.0, "centroid_x": 713905.28044849285, "centroid_y": 3159520.006568355 }, "geometry": { "type": "Polygon", "coordinates": [ [ [ 77.186095325858659, 28.544706229991668 ], [ 77.186104642509463, 28.545157229058582 ], [ 77.186615394794515, 28.545149001316336 ], [ 77.186606075971227, 28.544698002402981 ], [ 77.186095325858659, 28.544706229991668 ] ] ] } },
{ "type": "Feature", "properties": { "cell_id": 127, "area_m2": 2500.0, "centroid_x": 713905.28044849285, "centroid_y": 3159570.006568355 }, "geometry": { "type": "Polygon", "coordinates": [ [ [ 77.186104642509463, 28.545157229058582 ], [ 77.186113959374467, 28.545608228092732 ], [ 77.186624713832046, 28.545600000196931 ], [ 77.186615394794515, 28.545149001316336 ], [ 77.186104642509463, 28.545157229058582 ] ] ] } },
{ "type": "Feature", "properties": { "cell_id": 128, "area_m2": 2500.0, "centroid_x": 713905.28044849285, "centroid_y": 3159620.006568355 }, "geometry": { "type": "Polygon", "coordinates": [ [ [ 77.186113959374467, 28.545608228092732 ], [ 77.186123276453671, 28.546059227094119 ], [ 77.186634033083806, 28.546050999044756 ], [ 77.186624713832046, 28.545600000196931 ], [ 77.186113959374467, 28.545608228092732 ] ] ] } },
{ "type": "Feature", "properties": { "cell_id": 129, "area_m2": 2500.0, "centroid_x": 713905.28044849285, "centroid_y": 3159670.006568355 }, "geometry": { "type": "Polygon", "coordinates": [ [ [ 77.186123276453671, 28.546059227094119 ], [ 77.186132593747061, 28.54651022606275 ], [ 77.186643352549822, 28.546501997859828 ], [ 77.186634033083806, 28.546050999044756 ], [ 77.186123276453671, 28.546059227094119 ] ] ] } },
{ "type": "Feature", "properties": { "cell_id": 130, "area_m2": 2500.0, "centroid_x": 713905.28044849285, "centroid_y": 3159720.006568355 }, "geometry": { "type": "Polygon", "coordinates": [ [ [ 77.186132593747061, 28.54651022606275 ], [ 77.186141911254637, 28.546961224998615 ], [ 77.186652672230096, 28.546952996642126 ], [ 77.186643352549822, 28.546501997859828 ], [ 77.186132593747061, 28.54651022606275 ] ] ] } },
{ "type": "Feature", "properties": { "cell_id": 131, "area_m2": 2500.0, "centroid_x": 713905.28044849285, "centroid_y": 3159770.006568355 }, "geometry": { "type": "Polygon", "coordinates": [ [ [ 77.186141911254637, 28.546961224998615 ], [ 77.186151228976442, 28.54741222390172 ], [ 77.186661992124613, 28.547403995391665 ], [ 77.186652672230096, 28.546952996642126 ], [ 77.186141911254637, 28.546961224998615 ] ] ] } },
{ "type": "Feature", "properties": { "cell_id": 132, "area_m2": 2500.0, "centroid_x": 713905.28044849285, "centroid_y": 3159820.006568355 }, "geometry": { "type": "Polygon", "coordinates": [ [ [ 77.186151228976442, 28.54741222390172 ], [ 77.186160546912447, 28.547863222772051 ], [ 77.186671312233386, 28.547854994108441 ], [ 77.186661992124613, 28.547403995391665 ], [ 77.186151228976442, 28.54741222390172 ] ] ] } },
{ "type": "Feature", "properties": { "cell_id": 133, "area_m2": 2500.0, "centroid_x": 713905.28044849285, "centroid_y": 3159870.006568355 }, "geometry": { "type": "Polygon", "coordinates": [ [ [ 77.186160546912447, 28.547863222772051 ], [ 77.186169865062666, 28.548314221609626 ], [ 77.186680632556431, 28.548305992792447 ], [ 77.186671312233386, 28.547854994108441 ], [ 77.186160546912447, 28.547863222772051 ] ] ] } },
{ "type": "Feature", "properties": { "cell_id": 134, "area_m2": 2500.0, "centroid_x": 713905.28044849285, "centroid_y": 3159920.006568355 }, "geometry": { "type": "Polygon", "coordinates": [ [ [ 77.186169865062666, 28.548314221609626 ], [ 77.186179183427086, 28.548765220414442 ], [ 77.186689953093733, 28.548756991443685 ], [ 77.186680632556431, 28.548305992792447 ], [ 77.186169865062666, 28.548314221609626 ] ] ] } },
{ "type": "Feature", "properties": { "cell_id": 135, "area_m2": 2500.0, "centroid_x": 713905.28044849285, "centroid_y": 3159970.006568355 }, "geometry": { "type": "Polygon", "coordinates": [ [ [ 77.186179183427086, 28.548765220414442 ], [ 77.186188502005749, 28.549216219186487 ], [ 77.186699273845306, 28.549207990062175 ], [ 77.186689953093733, 28.548756991443685 ], [ 77.186179183427086, 28.548765220414442 ] ] ] } },
{ "type": "Feature", "properties": { "cell_id": 136, "area_m2": 1686.8954672478139, "centroid_x": 713902.60290882445, "centroid_y": 3160012.4560217075 }, "geometry": { "type": "Polygon", "coordinates": [ [ [ 77.186699273845306, 28.549207990062175 ], [ 77.186188502005749, 28.549216219186487 ], [ 77.186196810269578, 28.549618312167219 ], [ 77.186703542403208, 28.549414527199993 ], [ 77.186699273845306, 28.549207990062175 ] ] ] } },
{ "type": "Feature", "properties": { "cell_id": 137, "area_m2": 2481.645433864785, "centroid_x": 713955.44306370849, "centroid_y": 3159470.18146072 }, "geometry": { "type": "Polygon", "coordinates": [ [ [ 77.186606075971227, 28.544698002402981 ], [ 77.187116825869566, 28.544689772895342 ], [ 77.187107505088079, 28.544238774102816 ], [ 77.186689104606984, 28.54424551566667 ], [ 77.186597514130909, 28.544283629687435 ], [ 77.186606075971227, 28.544698002402981 ] ] ] } },
{ "type": "Feature", "properties": { "cell_id": 138, "area_m2": 2500.0, "centroid_x": 713955.28044849285, "centroid_y": 3159520.006568355 }, "geometry": { "type": "Polygon", "coordinates": [ [ [ 77.186606075971227, 28.544698002402981 ], [ 77.186615394794515, 28.545149001316336 ], [ 77.187126146865324, 28.545140771655102 ], [ 77.187116825869566, 28.544689772895342 ], [ 77.186606075971227, 28.544698002402981 ] ] ] } },
{ "type": "Feature", "properties": { "cell_id": 139, "area_m2": 2500.0, "centroid_x": 713955.28044849285, "centroid_y": 3159570.006568355 }, "geometry": { "type": "Polygon", "coordinates": [ [ [ 77.186615394794515, 28.545149001316336 ], [ 77.186624713832046, 28.545600000196931 ], [ 77.187135468075368, 28.545591770382099 ], [ 77.187126146865324, 28.545140771655102 ], [ 77.186615394794515, 28.545149001316336 ] ] ] } },
{ "type": "Feature", "properties": { "cell_id": 140, "area_m2": 2500.0, "centroid_x": 713955.28044849285, "centroid_y": 3159620.006568355 }, "geometry": { "type": "Polygon", "coordinates": [ [ [ 77.186624713832046, 28.545600000196931 ], [ 77.186634033083806, 28.546050999044756 ], [ 77.187144789499712, 28.546042769076333 ], [ 77.187135468075368, 28.545591770382099 ], [ 77.186624713832046, 28.545600000196931 ] ] ] } },
{ "type": "Feature", "properties": { "cell_id": 141, "area_m2": 1801.108270814635, "centroid_x": 713950.73487584828, "centroid_y": 3159672.8541445248 }, "geometry": { "type": "Polygon", "coordinates": [ [ [ 77.187144789499712, 28.546042769076333 ], [ 77.186634033083806, 28.546050999044756 ], [ 77.186643352549822, 28.546501997859828 ], [ 77.187154111138355, 28.546493767737807 ], [ 77.187151372241161, 28.546361255745492 ], [ 77.186740896041925, 28.546206606791394 ], [ 77.187144834060177, 28.546044925021008 ], [ 77.187144789499712, 28.546042769076333 ] ] ] } },
{ "type": "Feature", "properties": { "cell_id": 142, "area_m2": 2500.0, "centroid_x": 713955.28044849285, "centroid_y": 3159720.006568355 }, "geometry": { "type": "Polygon", "coordinates": [ [ [ 77.186643352549822, 28.546501997859828 ], [ 77.186652672230096, 28.546952996642126 ], [ 77.187163432991284, 28.546944766366511 ], [ 77.187154111138355, 28.546493767737807 ], [ 77.186643352549822, 28.546501997859828 ] ] ] } },
{ "type": "Feature", "properties": { "cell_id": 143, "area_m2": 2500.0, "centroid_x": 713955.28044849285, "centroid_y": 3159770.006568355 }, "geometry": { "type": "Polygon", "coordinates": [ [ [ 77.186652672230096, 28.546952996642126 ], [ 77.186661992124613, 28.547403995391665 ], [ 77.187172755058526, 28.547395764962449 ], [ 77.187163432991284, 28.546944766366511 ], [ 77.186652672230096, 28.546952996642126 ] ] ] } },
{ "type": "Feature", "properties": { "cell_id": 144, "area_m2": 2500.0, "centroid_x": 713955.28044849285, "centroid_y": 3159820.006568355 }, "geometry": { "type": "Polygon", "coordinates": [ [ [ 77.186661992124613, 28.547403995391665 ], [ 77.186671312233386, 28.547854994108441 ], [ 77.187182077340069, 28.547846763525623 ], [ 77.187172755058526, 28.547395764962449 ], [ 77.186661992124613, 28.547403995391665 ] ] ] } },
{ "type": "Feature", "properties": { "cell_id": 145, "area_m2": 2500.0, "centroid_x": 713955.28044849285, "centroid_y": 3159870.006568355 }, "geometry": { "type": "Polygon", "coordinates": [ [ [ 77.186671312233386, 28.547854994108441 ], [ 77.186680632556431, 28.548305992792447 ], [ 77.187191399835939, 28.548297762056031 ], [ 77.187182077340069, 28.547846763525623 ], [ 77.186671312233386, 28.547854994108441 ] ] ] } },
{ "type": "Feature", "properties": { "cell_id": 146, "area_m2": 2500.0, "centroid_x": 713955.28044849285, "centroid_y": 3159920.006568355 }, "geometry": { "type": "Polygon", "coordinates": [ [ [ 77.186680632556431, 28.548305992792447 ], [ 77.186689953093733, 28.548756991443685 ], [ 77.187200722546109, 28.548748760553664 ], [ 77.187191399835939, 28.548297762056031 ], [ 77.186680632556431, 28.548305992792447 ] ] ] } },
{ "type": "Feature", "properties": { "cell_id": 147, "area_m2": 2500.0, "centroid_x": 713955.28044849285, "centroid_y": 3159970.006568355 }, "geometry": { "type": "Polygon", "coordinates": [ [ [ 77.186689953093733, 28.548756991443685 ], [ 77.186699273845306, 28.549207990062175 ], [ 77.187210045470607, 28.549199759018546 ], [ 77.187200722546109, 28.548748760553664 ], [ 77.186689953093733, 28.548756991443685 ] ] ] } },
{ "type": "Feature", "properties": { "cell_id": 148, "area_m2": 1481.3146028202027, "centroid_x": 714008.4389473187, "centroid_y": 3159429.4840896274 }, "geometry": { "type": "Polygon", "coordinates": [ [ [ 77.187107505088079, 28.544238774102816 ], [ 77.187618252599719, 28.544230542829855 ], [ 77.187610634927495, 28.543862029606917 ], [ 77.187104075590469, 28.54407283054093 ], [ 77.187107505088079, 28.544238774102816 ] ] ] } },
{ "type": "Feature", "properties": { "cell_id": 149, "area_m2": 2500.0, "centroid_x": 714005.28044849285, "centroid_y": 3159470.006568355 }, "geometry": { "type": "Polygon", "coordinates": [ [ [ 77.187107505088079, 28.544238774102816 ], [ 77.187116825869566, 28.544689772895342 ], [ 77.187627575553606, 28.544681541468751 ], [ 77.187618252599719, 28.544230542829855 ], [ 77.187107505088079, 28.544238774102816 ] ] ] } },
{ "type": "Feature", "properties": { "cell_id": 150, "area_m2": 2500.0, "centroid_x": 714005.28044849285, "centroid_y": 3159520.006568355 }, "geometry": { "type": "Polygon", "coordinates": [ [ [ 77.187116825869566, 28.544689772895342 ], [ 77.187126146865324, 28.545140771655102 ], [ 77.187636898721848, 28.545132540074885 ], [ 77.187627575553606, 28.544681541468751 ], [ 77.187116825869566, 28.544689772895342 ] ] ] } },
{ "type": "Feature", "properties": { "cell_id": 151, "area_m2": 2500.0, "centroid_x": 714005.28044849285, "centroid_y": 3159570.006568355 }, "geometry": { "type": "Polygon", "coordinates": [ [ [ 77.187126146865324, 28.545140771655102 ], [ 77.187135468075368, 28.545591770382099 ], [ 77.187646222104405, 28.545583538648252 ], [ 77.187636898721848, 28.545132540074885 ], [ 77.187126146865324, 28.545140771655102 ] ] ] } },
{ "type": "Feature", "properties": { "cell_id": 152, "area_m2": 1972.5331216529362, "centroid_x": 714003.00269001781, "centroid_y": 3159615.2231276361 }, "geometry": { "type": "Polygon", "coordinates": [ [ [ 77.187646222104405, 28.545583538648252 ], [ 77.187135468075368, 28.545591770382099 ], [ 77.187144789499712, 28.546042769076333 ], [ 77.187150448166292, 28.546042677885808 ], [ 77.187651567287716, 28.545842095700653 ], [ 77.187646222104405, 28.545583538648252 ] ] ] } },
{ "type": "Feature", "properties": { "cell_id": 153, "area_m2": 2433.3754604676369, "centroid_x": 714004.75328567182, "centroid_y": 3159720.6205084743 }, "geometry": { "type": "Polygon", "coordinates": [ [ [ 77.187154111138355, 28.546493767737807 ], [ 77.187163432991284, 28.546944766366511 ], [ 77.187674193538172, 28.54693653417177 ], [ 77.187666310971423, 28.546555259023041 ], [ 77.187488778726461, 28.546488374020207 ], [ 77.187154111138355, 28.546493767737807 ] ] ] } },
{ "type": "Feature", "properties": { "cell_id": 154, "area_m2": 2500.0, "centroid_x": 714005.28044849285, "centroid_y": 3159770.006568355 }, "geometry": { "type": "Polygon", "coordinates": [ [ [ 77.187163432991284, 28.546944766366511 ], [ 77.187172755058526, 28.547395764962449 ], [ 77.18768351777814, 28.547387532614074 ], [ 77.187674193538172, 28.54693653417177 ], [ 77.187163432991284, 28.546944766366511 ] ] ] } },
{ "type": "Feature", "properties": { "cell_id": 155, "area_m2": 2500.0, "centroid_x": 714005.28044849285, "centroid_y": 3159820.006568355 }, "geometry": { "type": "Polygon", "coordinates": [ [ [ 77.187172755058526, 28.547395764962449 ], [ 77.187182077340069, 28.547846763525623 ], [ 77.187692842232451, 28.547838531023604 ], [ 77.18768351777814, 28.547387532614074 ], [ 77.187172755058526, 28.547395764962449 ] ] ] } },
{ "type": "Feature", "properties": { "cell_id": 156, "area_m2": 2500.0, "centroid_x": 714005.28044849285, "centroid_y": 3159870.006568355 }, "geometry": { "type": "Polygon", "coordinates": [ [ [ 77.187182077340069, 28.547846763525623 ], [ 77.187191399835939, 28.548297762056031 ], [ 77.187702166901133, 28.548289529400382 ], [ 77.187692842232451, 28.547838531023604 ], [ 77.187182077340069, 28.547846763525623 ] ] ] } },
{ "type": "Feature", "properties": { "cell_id": 157, "area_m2": 2500.0, "centroid_x": 714005.28044849285, "centroid_y": 3159920.006568355 }, "geometry": { "type": "Polygon", "coordinates": [ [ [ 77.187191399835939, 28.548297762056031 ], [ 77.187200722546109, 28.548748760553664 ], [ 77.187711491784157, 28.548740527744378 ], [ 77.187702166901133, 28.548289529400382 ], [ 77.187191399835939, 28.548297762056031 ] ] ] } },
{ "type": "Feature", "properties": { "cell_id": 158, "area_m2": 2017.1561368163586, "centroid_x": 714003.06168110564, "centroid_y": 3159965.6550740041 }, "geometry": { "type": "Polygon", "coordinates": [ [ [ 77.187711491784157, 28.548740527744378 ], [ 77.187200722546109, 28.548748760553664 ], [ 77.187210045470607, 28.549199759018546 ], [ 77.187238727830433, 28.549199296747609 ], [ 77.187717000495198, 28.549006951888721 ], [ 77.187711491784157, 28.548740527744378 ] ] ] } },
{ "type": "Feature", "properties": { "cell_id": 159, "area_m2": 2406.9074584147334, "centroid_x": 714055.98489298695, "centroid_y": 3159420.8556014337 }, "geometry": { "type": "Polygon", "coordinates": [ [ [ 77.187618252599719, 28.544230542829855 ], [ 77.188128999897032, 28.544222309637991 ], [ 77.188119674985089, 28.543771311119993 ], [ 77.187816902925377, 28.543776191934928 ], [ 77.187610634927495, 28.543862029606917 ], [ 77.187618252599719, 28.544230542829855 ] ] ] } },
{ "type": "Feature", "properties": { "cell_id": 160, "area_m2": 2500.0, "centroid_x": 714055.28044849285, "centroid_y": 3159470.006568355 }, "geometry": { "type": "Polygon", "coordinates": [ [ [ 77.187618252599719, 28.544230542829855 ], [ 77.187627575553606, 28.544681541468751 ], [ 77.188138325023331, 28.544673308123222 ], [ 77.188128999897032, 28.544222309637991 ], [ 77.187618252599719, 28.544230542829855 ] ] ] } },
{ "type": "Feature", "properties": { "cell_id": 161, "area_m2": 2500.0, "centroid_x": 714055.28044849285, "centroid_y": 3159520.006568355 }, "geometry": { "type": "Polygon", "coordinates": [ [ [ 77.187627575553606, 28.544681541468751 ], [ 77.187636898721848, 28.545132540074885 ], [ 77.18814765036403, 28.545124306575691 ], [ 77.188138325023331, 28.544673308123222 ], [ 77.187627575553606, 28.544681541468751 ] ] ] } },
{ "type": "Feature", "properties": { "cell_id": 162, "area_m2": 2500.0, "centroid_x": 714055.28044849285, "centroid_y": 3159570.006568355 }, "geometry": { "type": "Polygon", "coordinates": [ [ [ 77.187636898721848, 28.545132540074885 ], [ 77.187646222104405, 28.545583538648252 ], [ 77.1881569759191, 28.545575304995392 ], [ 77.18814765036403, 28.545124306575691 ], [ 77.187636898721848, 28.545132540074885 ] ] ] } },
{ "type": "Feature", "properties": { "cell_id": 163, "area_m2": 893.89607587363571, "centroid_x": 714050.25235072151, "centroid_y": 3159605.0302941934 }, "geometry": { "type": "Polygon", "coordinates": [ [ [ 77.1881569759191, 28.545575304995392 ], [ 77.187646222104405, 28.545583538648252 ], [ 77.187651567287716, 28.545842095700653 ], [ 77.188158298465993, 28.545639264587738 ], [ 77.1881569759191, 28.545575304995392 ] ] ] } },
{ "type": "Feature", "properties": { "cell_id": 164, "area_m2": 1552.9848424135707, "centroid_x": 714052.27268720465, "centroid_y": 3159728.8023546785 }, "geometry": { "type": "Polygon", "coordinates": [ [ [ 77.187674193538172, 28.54693653417177 ], [ 77.188184953870703, 28.546928300057903 ], [ 77.188181251478937, 28.546749260237107 ], [ 77.187666310971423, 28.546555259023041 ], [ 77.187674193538172, 28.54693653417177 ] ] ] } },
{ "type": "Feature", "properties": { "cell_id": 165, "area_m2": 2500.0, "centroid_x": 714055.28044849285, "centroid_y": 3159770.006568355 }, "geometry": { "type": "Polygon", "coordinates": [ [ [ 77.187674193538172, 28.54693653417177 ], [ 77.18768351777814, 28.547387532614074 ], [ 77.188194280283383, 28.547379298346538 ], [ 77.188184953870703, 28.546928300057903 ], [ 77.187674193538172, 28.54693653417177 ] ] ] } },
{ "type": "Feature", "properties": { "cell_id": 166, "area_m2": 2500.0, "centroid_x": 714055.28044849285, "centroid_y": 3159820.006568355 }, "geometry": { "type": "Polygon", "coordinates": [ [ [ 77.18768351777814, 28.547387532614074 ], [ 77.187692842232451, 28.547838531023604 ], [ 77.188203606910463, 28.547830296602402 ], [ 77.188194280283383, 28.547379298346538 ], [ 77.18768351777814, 28.547387532614074 ] ] ] } },
{ "type": "Feature", "properties": { "cell_id": 167, "area_m2": 2500.0, "centroid_x": 714055.28044849285, "centroid_y": 3159870.006568355 }, "geometry": { "type": "Polygon", "coordinates": [ [ [ 77.187692842232451, 28.547838531023604 ], [ 77.187702166901133, 28.548289529400382 ], [ 77.188212933751956, 28.548281294825497 ], [ 77.188203606910463, 28.547830296602402 ], [ 77.187692842232451, 28.547838531023604 ] ] ] } },
{ "type": "Feature", "properties": { "cell_id": 168, "area_m2": 2500.0, "centroid_x": 714055.28044849285, "centroid_y": 3159920.006568355 }, "geometry": { "type": "Polygon", "coordinates": [ [ [ 77.187702166901133, 28.548289529400382 ], [ 77.187711491784157, 28.548740527744378 ], [ 77.188222260807848, 28.548732293015821 ], [ 77.188212933751956, 28.548281294825497 ], [ 77.187702166901133, 28.548289529400382 ] ] ] } },
{ "type": "Feature", "properties": { "cell_id": 169, "area_m2": 934.85020591178909, "centroid_x": 714050.44894768007, "centroid_y": 3159955.4025543695 }, "geometry": { "type": "Polygon", "coordinates": [ [ [ 77.188222260807848, 28.548732293015821 ], [ 77.187711491784157, 28.548740527744378 ], [ 77.187717000495198, 28.549006951888721 ], [ 77.188223726453529, 28.548803161544768 ], [ 77.188222260807848, 28.548732293015821 ] ] ] } },
{ "type": "Feature", "properties": { "cell_id": 170, "area_m2": 1227.105210989248, "centroid_x": 714109.09326779447, "centroid_y": 3159381.8792368677 }, "geometry": { "type": "Polygon", "coordinates": [ [ [ 77.188119674985089, 28.543771311119993 ], [ 77.188630419895659, 28.543763076162914 ], [ 77.188623747233919, 28.543440422376534 ], [ 77.188117192141988, 28.54365122688543 ], [ 77.188119674985089, 28.543771311119993 ] ] ] } },
{ "type": "Feature", "properties": { "cell_id": 171, "area_m2": 2500.0, "centroid_x": 714105.28044849285, "centroid_y": 3159420.006568355 }, "geometry": { "type": "Polygon", "coordinates": [ [ [ 77.188119674985089, 28.543771311119993 ], [ 77.188128999897032, 28.544222309637991 ], [ 77.188639746979959, 28.544214074527215 ], [ 77.188630419895659, 28.543763076162914 ], [ 77.188119674985089, 28.543771311119993 ] ] ] } },
{ "type": "Feature", "properties": { "cell_id": 172, "area_m2": 2500.0, "centroid_x": 714105.28044849285, "centroid_y": 3159470.006568355 }, "geometry": { "type": "Polygon", "coordinates": [ [ [ 77.188128999897032, 28.544222309637991 ], [ 77.188138325023331, 28.544673308123222 ], [ 77.188649074278672, 28.544665072858752 ], [ 77.188639746979959, 28.544214074527215 ], [ 77.188128999897032, 28.544222309637991 ] ] ] } },
{ "type": "Feature", "properties": { "cell_id": 173, "area_m2": 2500.0, "centroid_x": 714105.28044849285, "centroid_y": 3159520.006568355 }, "geometry": { "type": "Polygon", "coordinates": [ [ [ 77.188138325023331, 28.544673308123222 ], [ 77.18814765036403, 28.545124306575691 ], [ 77.188658401791827, 28.545116071157523 ], [ 77.188649074278672, 28.544665072858752 ], [ 77.188138325023331, 28.544673308123222 ] ] ] } },
{ "type": "Feature", "properties": { "cell_id": 174, "area_m2": 2256.9276058947989, "centroid_x": 714103.79296620248, "centroid_y": 3159567.8340028324 }, "geometry": { "type": "Polygon", "coordinates": [ [ [ 77.188658401791827, 28.545116071157523 ], [ 77.18814765036403, 28.545124306575691 ], [ 77.1881569759191, 28.545575304995392 ], [ 77.188324848669197, 28.545572598367833 ], [ 77.188665027594965, 28.54543643168234 ], [ 77.188658401791827, 28.545116071157523 ] ] ] } },
{ "type": "Feature", "properties": { "cell_id": 175, "area_m2": 2492.6263755822638, "centroid_x": 714105.21214892296, "centroid_y": 3159770.0779870185 }, "geometry": { "type": "Polygon", "coordinates": [ [ [ 77.188184953870703, 28.546928300057903 ], [ 77.188194280283383, 28.547379298346538 ], [ 77.188705042574213, 28.547371062159844 ], [ 77.188696193763676, 28.546943259387643 ], [ 77.18863713235362, 28.546921008754389 ], [ 77.188184953870703, 28.546928300057903 ] ] ] } },
{ "type": "Feature", "properties": { "cell_id": 176, "area_m2": 2500.0, "centroid_x": 714105.28044849285, "centroid_y": 3159820.006568355 }, "geometry": { "type": "Polygon", "coordinates": [ [ [ 77.188194280283383, 28.547379298346538 ], [ 77.188203606910463, 28.547830296602402 ], [ 77.188714371374061, 28.547822060262003 ], [ 77.188705042574213, 28.547371062159844 ], [ 77.188194280283383, 28.547379298346538 ] ] ] } },
{ "type": "Feature", "properties": { "cell_id": 177, "area_m2": 2500.0, "centroid_x": 714105.28044849285, "centroid_y": 3159870.006568355 }, "geometry": { "type": "Polygon", "coordinates": [ [ [ 77.188203606910463, 28.547830296602402 ], [ 77.188212933751956, 28.548281294825497 ], [ 77.188723700388351, 28.548273058331393 ], [ 77.188714371374061, 28.547822060262003 ], [ 77.188203606910463, 28.547830296602402 ] ] ] } },
{ "type": "Feature", "properties": { "cell_id": 178, "area_m2": 2279.652826601769, "centroid_x": 714103.89115429367, "centroid_y": 3159918.0354962628 }, "geometry": { "type": "Polygon", "coordinates": [ [ [ 77.188723700388351, 28.548273058331393 ], [ 77.188212933751956, 28.548281294825497 ], [ 77.188222260807848, 28.548732293015821 ], [ 77.18840736137345, 28.548729308309863 ], [ 77.188730450353404, 28.54859936940867 ], [ 77.188723700388351, 28.548273058331393 ] ] ] } },
{ "type": "Feature", "properties": { "cell_id": 179, "area_m2": 2274.6196698541016, "centroid_x": 714156.7112620332, "centroid_y": 3159372.0137318866 }, "geometry": { "type": "Polygon", "coordinates": [ [ [ 77.188630419895659, 28.543763076162914 ], [ 77.189141164591803, 28.543754839286969 ], [ 77.189131835549631, 28.543303841043635 ], [ 77.188944690722707, 28.543306859343161 ], [ 77.188623747233919, 28.543440422376534 ], [ 77.188630419895659, 28.543763076162914 ] ] ] } },
{ "type": "Feature", "properties": { "cell_id": 180, "area_m2": 2500.0, "centroid_x": 714155.28044849285, "centroid_y": 3159420.006568355 }, "geometry": { "type": "Polygon", "coordinates": [ [ [ 77.188630419895659, 28.543763076162914 ], [ 77.188639746979959, 28.544214074527215 ], [ 77.189150493848445, 28.544205837497547 ], [ 77.189141164591803, 28.543754839286969 ], [ 77.188630419895659, 28.543763076162914 ] ] ] } },
{ "type": "Feature", "properties": { "cell_id": 181, "area_m2": 2500.0, "centroid_x": 714155.28044849285, "centroid_y": 3159470.006568355 }, "geometry": { "type": "Polygon", "coordinates": [ [ [ 77.188639746979959, 28.544214074527215 ], [ 77.188649074278672, 28.544665072858752 ], [ 77.189159823319571, 28.544656835675344 ], [ 77.189150493848445, 28.544205837497547 ], [ 77.188639746979959, 28.544214074527215 ] ] ] } },
{ "type": "Feature", "properties": { "cell_id": 182, "area_m2": 2500.0, "centroid_x": 714155.28044849285, "centroid_y": 3159520.006568355 }, "geometry": { "type": "Polygon", "coordinates": [ [ [ 77.188649074278672, 28.544665072858752 ], [ 77.188658401791827, 28.545116071157523 ], [ 77.189169153005182, 28.545107833820374 ], [ 77.189159823319571, 28.544656835675344 ], [ 77.188649074278672, 28.544665072858752 ] ] ] } },
{ "type": "Feature", "properties": { "cell_id": 183, "area_m2": 1236.4895798265934, "centroid_x": 714151.64548307122, "centroid_y": 3159558.1556739551 }, "geometry": { "type": "Polygon", "coordinates": [ [ [ 77.189169153005182, 28.545107833820374 ], [ 77.188658401791827, 28.545116071157523 ], [ 77.188665027594965, 28.54543643168234 ], [ 77.189171754674604, 28.545233596984488 ], [ 77.189169153005182, 28.545107833820374 ] ] ] } },
{ "type": "Feature", "properties": { "cell_id": 184, "area_m2": 1810.9011512016878, "centroid_x": 714152.70106546732, "centroid_y": 3159776.3192375824 }, "geometry": { "type": "Polygon", "coordinates": [ [ [ 77.188705042574213, 28.547371062159844 ], [ 77.189215804650615, 28.547362824054002 ], [ 77.189211137825623, 28.54713725647461 ], [ 77.188696193763676, 28.546943259387643 ], [ 77.188705042574213, 28.547371062159844 ] ] ] } },
{ "type": "Feature", "properties": { "cell_id": 185, "area_m2": 2500.0, "centroid_x": 714155.28044849285, "centroid_y": 3159820.006568355 }, "geometry": { "type": "Polygon", "coordinates": [ [ [ 77.188705042574213, 28.547371062159844 ], [ 77.188714371374061, 28.547822060262003 ], [ 77.189225135623204, 28.547813822002421 ], [ 77.189215804650615, 28.547362824054002 ], [ 77.188705042574213, 28.547371062159844 ] ] ] } },
{ "type": "Feature", "properties": { "cell_id": 186, "area_m2": 2500.0, "centroid_x": 714155.28044849285, "centroid_y": 3159870.006568355 }, "geometry": { "type": "Polygon", "coordinates": [ [ [ 77.188714371374061, 28.547822060262003 ], [ 77.188723700388351, 28.548273058331393 ], [ 77.189234466810291, 28.54826481991806 ], [ 77.189225135623204, 28.547813822002421 ], [ 77.188714371374061, 28.547822060262003 ] ] ] } },
{ "type": "Feature", "properties": { "cell_id": 187, "area_m2": 1266.8200316955335, "centroid_x": 714151.71504108154, "centroid_y": 3159908.4477597568 }, "geometry": { "type": "Polygon", "coordinates": [ [ [ 77.189234466810291, 28.54826481991806 ], [ 77.188723700388351, 28.548273058331393 ], [ 77.188730450353404, 28.54859936940867 ], [ 77.189237172194794, 28.548395575480484 ], [ 77.189234466810291, 28.54826481991806 ] ] ] } },
{ "type": "Feature", "properties": { "cell_id": 188, "area_m2": 972.89581914665177, "centroid_x": 714210.08952500613, "centroid_y": 3159334.1975922775 }, "geometry": { "type": "Polygon", "coordinates": [ [ [ 77.189131835549631, 28.543303841043635 ], [ 77.18964257785899, 28.543295602402598 ], [ 77.189636851050025, 28.543018807996674 ], [ 77.189130300203274, 28.543229616080261 ], [ 77.189131835549631, 28.543303841043635 ] ] ] } },
{ "type": "Feature", "properties": { "cell_id": 189, "area_m2": 2500.0, "centroid_x": 714205.28044849285, "centroid_y": 3159370.006568355 }, "geometry": { "type": "Polygon", "coordinates": [ [ [ 77.189131835549631, 28.543303841043635 ], [ 77.189141164591803, 28.543754839286969 ], [ 77.189651909073476, 28.54374660049217 ], [ 77.18964257785899, 28.543295602402598 ], [ 77.189131835549631, 28.543303841043635 ] ] ] } },
{ "type": "Feature", "properties": { "cell_id": 190, "area_m2": 2500.0, "centroid_x": 714205.28044849285, "centroid_y": 3159420.006568355 }, "geometry": { "type": "Polygon", "coordinates": [ [ [ 77.189141164591803, 28.543754839286969 ], [ 77.189150493848445, 28.544205837497547 ], [ 77.18966124050246, 28.544197598548973 ], [ 77.189651909073476, 28.54374660049217 ], [ 77.189141164591803, 28.543754839286969 ] ] ] } },
{ "type": "Feature", "properties": { "cell_id": 191, "area_m2": 2500.0, "centroid_x": 714205.28044849285, "centroid_y": 3159470.006568355 }, "geometry": { "type": "Polygon", "coordinates": [ [ [ 77.189150493848445, 28.544205837497547 ], [ 77.189159823319571, 28.544656835675344 ], [ 77.189670572145985, 28.544648596573001 ], [ 77.18966124050246, 28.544197598548973 ], [ 77.189150493848445, 28.544205837497547 ] ] ] } },
{ "type": "Feature", "properties": { "cell_id": 192, "area_m2": 2432.5152341572052, "centroid_x": 714204.75043442065, "centroid_y": 3159519.383569784 }, "geometry": { "type": "Polygon", "coordinates": [ [ [ 77.189670572145985, 28.544648596573001 ], [ 77.189159823319571, 28.544656835675344 ], [ 77.189169153005182, 28.545107833820374 ], [ 77.189499238164728, 28.545102509222001 ], [ 77.189678479704909, 28.545030760494249 ], [ 77.189670572145985, 28.544648596573001 ] ] ] } },
{ "type": "Feature", "properties": { "cell_id": 193, "area_m2": 689.8593055899255, "centroid_x": 714198.50949149881, "centroid_y": 3159786.5898700743 }, "geometry": { "type": "Polygon", "coordinates": [ [ [ 77.189215804650615, 28.547362824054002 ], [ 77.189726566512476, 28.547354584029009 ], [ 77.189726083664752, 28.547331251497955 ], [ 77.189211137825623, 28.54713725647461 ], [ 77.189215804650615, 28.547362824054002 ] ] ] } },
{ "type": "Feature", "properties": { "cell_id": 194, "area_m2": 2500.0, "centroid_x": 714205.28044849285, "centroid_y": 3159820.006568355 }, "geometry": { "type": "Polygon", "coordinates": [ [ [ 77.189215804650615, 28.547362824054002 ], [ 77.189225135623204, 28.547813822002421 ], [ 77.189735899657819, 28.547805581823646 ], [ 77.189726566512476, 28.547354584029009 ], [ 77.189215804650615, 28.547362824054002 ] ] ] } },
{ "type": "Feature", "properties": { "cell_id": 195, "area_m2": 2440.4867567634205, "centroid_x": 714204.80547922733, "centroid_y": 3159869.4553194437 }, "geometry": { "type": "Polygon", "coordinates": [ [ [ 77.189735899657819, 28.547805581823646 ], [ 77.189225135623204, 28.547813822002421 ], [ 77.189234466810291, 28.54826481991806 ], [ 77.189575983967984, 28.548259310340253 ], [ 77.18974389197767, 28.548191779760245 ], [ 77.189735899657819, 28.547805581823646 ] ] ] } },
{ "type": "Feature", "properties": { "cell_id": 196, "area_m2": 2084.7820681718977, "centroid_x": 714257.40498581645, "centroid_y": 3159323.7035473837 }, "geometry": { "type": "Polygon", "coordinates": [ [ [ 77.18964257785899, 28.543295602402598 ], [ 77.190153319953822, 28.54328736184274 ], [ 77.190143986781635, 28.542836363874205 ], [ 77.190072467998803, 28.542837517891936 ], [ 77.189636851050025, 28.543018807996674 ], [ 77.18964257785899, 28.543295602402598 ] ] ] } },
{ "type": "Feature", "properties": { "cell_id": 197, "area_m2": 2500.0, "centroid_x": 714255.28044849285, "centroid_y": 3159370.006568355 }, "geometry": { "type": "Polygon", "coordinates": [ [ [ 77.18964257785899, 28.543295602402598 ], [ 77.189651909073476, 28.54374660049217 ], [ 77.190162653340593, 28.543738359778505 ], [ 77.190153319953822, 28.54328736184274 ], [ 77.18964257785899, 28.543295602402598 ] ] ] } },
{ "type": "Feature", "properties": { "cell_id": 198, "area_m2": 2500.0, "centroid_x": 714255.28044849285, "centroid_y": 3159420.006568355 }, "geometry": { "type": "Polygon", "coordinates": [ [ [ 77.189651909073476, 28.54374660049217 ], [ 77.18966124050246, 28.544197598548973 ], [ 77.190171986941934, 28.5441893576815 ], [ 77.190162653340593, 28.543738359778505 ], [ 77.189651909073476, 28.54374660049217 ] ] ] } },
{ "type": "Feature", "properties": { "cell_id": 199, "area_m2": 2500.0, "centroid_x": 714255.28044849285, "centroid_y": 3159470.006568355 }, "geometry": { "type": "Polygon", "coordinates": [ [ [ 77.18966124050246, 28.544197598548973 ], [ 77.189670572145985, 28.544648596573001 ], [ 77.190181320757873, 28.544640355551724 ], [ 77.190171986941934, 28.5441893576815 ], [ 77.18966124050246, 28.544197598548973 ] ] ] } },
{ "type": "Feature", "properties": { "cell_id": 200, "area_m2": 2202.1829890604477, "centroid_x": 714256.14720065915, "centroid_y": 3159517.1120277597 }, "geometry": { "type": "Polygon", "coordinates": [ [ [ 77.190181320757873, 28.544640355551724 ], [ 77.189670572145985, 28.544648596573001 ], [ 77.189678479704909, 28.545030760494249 ], [ 77.189737561451707, 28.545007110546809 ], [ 77.190190469636889, 28.545082407417031 ], [ 77.190181320757873, 28.544640355551724 ] ] ] } },
{ "type": "Feature", "properties": { "cell_id": 201, "area_m2": 2061.3563570308124, "centroid_x": 714253.09798888164, "centroid_y": 3159823.9195558317 }, "geometry": { "type": "Polygon", "coordinates": [ [ [ 77.189726566512476, 28.547354584029009 ], [ 77.189735899657819, 28.547805581823646 ], [ 77.190246663477893, 28.54779733972569 ], [ 77.190241031281033, 28.547525244457642 ], [ 77.189785494819205, 28.54735363322602 ], [ 77.189726566512476, 28.547354584029009 ] ] ] } },
{ "type": "Feature", "properties": { "cell_id": 202, "area_m2": 1598.789857479278, "centroid_x": 714252.45535580884, "centroid_y": 3159861.6069555483 }, "geometry": { "type": "Polygon", "coordinates": [ [ [ 77.190246663477893, 28.54779733972569 ], [ 77.189735899657819, 28.547805581823646 ], [ 77.18974389197767, 28.548191779760245 ], [ 77.190250609702048, 28.547987982248014 ], [ 77.190246663477893, 28.54779733972569 ] ] ] } },
{ "type": "Feature", "properties": { "cell_id": 203, "area_m2": 718.68642730405554, "centroid_x": 714311.79056230024, "centroid_y": 3159286.357668838 }, "geometry": { "type": "Polygon", "coordinates": [ [ [ 77.190143986781635, 28.542836363874205 ], [ 77.190654726489669, 28.542828121549363 ], [ 77.190649946375714, 28.542597186467759 ], [ 77.190143399774186, 28.54280799812582 ], [ 77.190143986781635, 28.542836363874205 ] ] ] } },
{ "type": "Feature", "properties": { "cell_id": 204, "area_m2": 2500.0, "centroid_x": 714305.28044849285, "centroid_y": 3159320.006568355 }, "geometry": { "type": "Polygon", "coordinates": [ [ [ 77.190143986781635, 28.542836363874205 ], [ 77.190153319953822, 28.54328736184274 ], [ 77.190664061834099, 28.543279119364058 ], [ 77.190654726489669, 28.542828121549363 ], [ 77.190143986781635, 28.542836363874205 ] ] ] } },
{ "type": "Feature", "properties": { "cell_id": 205, "area_m2": 2500.0, "centroid_x": 714305.28044849285, "centroid_y": 3159370.006568355 }, "geometry": { "type": "Polygon", "coordinates": [ [ [ 77.190153319953822, 28.54328736184274 ], [ 77.190162653340593, 28.543738359778505 ], [ 77.190673397393169, 28.543730117145991 ], [ 77.190664061834099, 28.543279119364058 ], [ 77.190153319953822, 28.54328736184274 ] ] ] } },
{ "type": "Feature", "properties": { "cell_id": 206, "area_m2": 2500.0, "centroid_x": 714305.28044849285, "centroid_y": 3159420.006568355 }, "geometry": { "type": "Polygon", "coordinates": [ [ [ 77.190162653340593, 28.543738359778505 ], [ 77.190171986941934, 28.5441893576815 ], [ 77.190682733166852, 28.544181114895142 ], [ 77.190673397393169, 28.543730117145991 ], [ 77.190162653340593, 28.543738359778505 ] ] ] } },
{ "type": "Feature", "properties": { "cell_id": 207, "area_m2": 2500.0, "centroid_x": 714305.28044849285, "centroid_y": 3159470.006568355 }, "geometry": { "type": "Polygon", "coordinates": [ [ [ 77.190171986941934, 28.5441893576815 ], [ 77.190181320757873, 28.544640355551724 ], [ 77.190692069155176, 28.54463211261152 ], [ 77.190682733166852, 28.544181114895142 ], [ 77.190171986941934, 28.5441893576815 ] ] ] } },
{ "type": "Feature", "properties": { "cell_id": 208, "area_m2": 2497.6270427259733, "centroid_x": 714305.30268517358, "centroid_y": 3159519.9831303344 }, "geometry": { "type": "Polygon", "coordinates": [ [ [ 77.190701405358126, 28.545083110295131 ], [ 77.190692069155176, 28.54463211261152 ], [ 77.190181320757873, 28.544640355551724 ], [ 77.190190469636889, 28.545082407417031 ], [ 77.190239535300833, 28.545090564581102 ], [ 77.190701405358126, 28.545083110295131 ] ] ] } },
{ "type": "Feature", "properties": { "cell_id": 209, "area_m2": 947.43354167813288, "centroid_x": 714300.34140414291, "centroid_y": 3159834.4200705974 }, "geometry": { "type": "Polygon", "coordinates": [ [ [ 77.190755980674453, 28.547719235353618 ], [ 77.190241031281033, 28.547525244457642 ], [ 77.190246663477893, 28.54779733972569 ], [ 77.190744595613808, 28.547789302839369 ], [ 77.190757325367883, 28.547784182943829 ], [ 77.190755980674453, 28.547719235353618 ] ] ] } },
{ "type": "Feature", "properties": { "cell_id": 210, "area_m2": 1841.5817313827574, "centroid_x": 714357.82105277549, "centroid_y": 3159276.0201845178 }, "geometry": { "type": "Polygon", "coordinates": [ [ [ 77.190654726489669, 28.542828121549363 ], [ 77.191165465983062, 28.542819877305735 ], [ 77.191156490854624, 28.542386373022524 ], [ 77.190649946375714, 28.542597186467759 ], [ 77.190654726489669, 28.542828121549363 ] ] ] } },
{ "type": "Feature", "properties": { "cell_id": 211, "area_m2": 2500.0, "centroid_x": 714355.28044849285, "centroid_y": 3159320.006568355 }, "geometry": { "type": "Polygon", "coordinates": [ [ [ 77.190654726489669, 28.542828121549363 ], [ 77.190664061834099, 28.543279119364058 ], [ 77.191174803499749, 28.543270874966563 ], [ 77.191165465983062, 28.542819877305735 ], [ 77.190654726489669, 28.542828121549363 ] ] ] } },
{ "type": "Feature", "properties": { "cell_id": 212, "area_m2": 2500.0, "centroid_x": 714355.28044849285, "centroid_y": 3159370.006568355 }, "geometry": { "type": "Polygon", "coordinates": [ [ [ 77.190664061834099, 28.543279119364058 ], [ 77.190673397393169, 28.543730117145991 ], [ 77.191184141231105, 28.543721872594606 ], [ 77.191174803499749, 28.543270874966563 ], [ 77.190664061834099, 28.543279119364058 ] ] ] } },
{ "type": "Feature", "properties": { "cell_id": 213, "area_m2": 2500.0, "centroid_x": 714355.28044849285, "centroid_y": 3159420.006568355 }, "geometry": { "type": "Polygon", "coordinates": [ [ [ 77.190673397393169, 28.543730117145991 ], [ 77.190682733166852, 28.544181114895142 ], [ 77.19119347917713, 28.54417287018989 ], [ 77.191184141231105, 28.543721872594606 ], [ 77.190673397393169, 28.543730117145991 ] ] ] } },
{ "type": "Feature", "properties": { "cell_id": 214, "area_m2": 2500.0, "centroid_x": 714355.28044849285, "centroid_y": 3159470.006568355 }, "geometry": { "type": "Polygon", "coordinates": [ [ [ 77.190682733166852, 28.544181114895142 ], [ 77.190692069155176, 28.54463211261152 ], [ 77.191202817337839, 28.544623867752396 ], [ 77.19119347917713, 28.54417287018989 ], [ 77.190682733166852, 28.544181114895142 ] ] ] } },
{ "type": "Feature", "properties": { "cell_id": 215, "area_m2": 2500.0, "centroid_x": 714355.28044849285, "centroid_y": 3159520.006568355 }, "geometry": { "type": "Polygon", "coordinates": [ [ [ 77.190692069155176, 28.54463211261152 ], [ 77.190701405358126, 28.545083110295131 ], [ 77.191212155713231, 28.545074865282125 ], [ 77.191202817337839, 28.544623867752396 ], [ 77.190692069155176, 28.54463211261152 ] ] ] } },
{ "type": "Feature", "properties": { "cell_id": 216, "area_m2": 727.65443496173248, "centroid_x": 714358.24753272638, "centroid_y": 3159552.5905992873 }, "geometry": { "type": "Polygon", "coordinates": [ [ [ 77.191212155713231, 28.545074865282125 ], [ 77.190701405358126, 28.545083110295131 ], [ 77.19070315525903, 28.545167640425586 ], [ 77.191215841576323, 28.545252871449978 ], [ 77.191212155713231, 28.545074865282125 ] ] ] } },
{ "type": "Feature", "properties": { "cell_id": 217, "area_m2": 2495.8129219856551, "centroid_x": 714405.31997489778, "centroid_y": 3159270.0474248333 }, "geometry": { "type": "Polygon", "coordinates": [ [ [ 77.191165465983062, 28.542819877305735 ], [ 77.191676205261814, 28.54281163114333 ], [ 77.19166686578761, 28.542360633603639 ], [ 77.191200234753524, 28.542368167581795 ], [ 77.191156490854624, 28.542386373022524 ], [ 77.191165465983062, 28.542819877305735 ] ] ] } },
{ "type": "Feature", "properties": { "cell_id": 218, "area_m2": 2500.0, "centroid_x": 714405.28044849285, "centroid_y": 3159320.006568355 }, "geometry": { "type": "Polygon", "coordinates": [ [ [ 77.191165465983062, 28.542819877305735 ], [ 77.191174803499749, 28.543270874966563 ], [ 77.191685544950715, 28.543262628650243 ], [ 77.191676205261814, 28.54281163114333 ], [ 77.191165465983062, 28.542819877305735 ] ] ] } },
{ "type": "Feature", "properties": { "cell_id": 219, "area_m2": 2500.0, "centroid_x": 714405.28044849285, "centroid_y": 3159370.006568355 }, "geometry": { "type": "Polygon", "coordinates": [ [ [ 77.191174803499749, 28.543270874966563 ], [ 77.191184141231105, 28.543721872594606 ], [ 77.191694884854357, 28.543713626124383 ], [ 77.191685544950715, 28.543262628650243 ], [ 77.191174803499749, 28.543270874966563 ] ] ] } },
{ "type": "Feature", "properties": { "cell_id": 220, "area_m2": 2500.0, "centroid_x": 714405.28044849285, "centroid_y": 3159420.006568355 }, "geometry": { "type": "Polygon", "coordinates": [ [ [ 77.191184141231105, 28.543721872594606 ], [ 77.19119347917713, 28.54417287018989 ], [ 77.191704224972739, 28.544164623565752 ], [ 77.191694884854357, 28.543713626124383 ], [ 77.191184141231105, 28.543721872594606 ] ] ] } },
{ "type": "Feature", "properties": { "cell_id": 221, "area_m2": 2500.0, "centroid_x": 714405.28044849285, "centroid_y": 3159470.006568355 }, "geometry": { "type": "Polygon", "coordinates": [ [ [ 77.19119347917713, 28.54417287018989 ], [ 77.191202817337839, 28.544623867752396 ], [ 77.191713565305818, 28.544615620974344 ], [ 77.191704224972739, 28.544164623565752 ], [ 77.19119347917713, 28.54417287018989 ] ] ] } },
{ "type": "Feature", "properties": { "cell_id": 222, "area_m2": 2500.0, "centroid_x": 714405.28044849285, "centroid_y": 3159520.006568355 }, "geometry": { "type": "Polygon", "coordinates": [ [ [ 77.191202817337839, 28.544623867752396 ], [ 77.191212155713231, 28.545074865282125 ], [ 77.191722905853652, 28.545066618350155 ], [ 77.191713565305818, 28.544615620974344 ], [ 77.191202817337839, 28.544623867752396 ] ] ] } },
{ "type": "Feature", "properties": { "cell_id": 223, "area_m2": 1245.817315322347, "centroid_x": 714407.01345699641, "centroid_y": 3159557.6443376443 }, "geometry": { "type": "Polygon", "coordinates": [ [ [ 77.191722905853652, 28.545066618350155 ], [ 77.191212155713231, 28.545074865282125 ], [ 77.191215841576323, 28.545252871449978 ], [ 77.191728528588712, 28.545338100490195 ], [ 77.191722905853652, 28.545066618350155 ] ] ] } },
{ "type": "Feature", "properties": { "cell_id": 224, "area_m2": 1587.3723395401612, "centroid_x": 714458.22791728587, "centroid_y": 3159228.4709051866 }, "geometry": { "type": "Polygon", "coordinates": [ [ [ 77.19166686578761, 28.542360633603639 ], [ 77.192177602679436, 28.542352385676406 ], [ 77.192169573444474, 28.541964740770762 ], [ 77.191663033210887, 28.54217555779017 ], [ 77.19166686578761, 28.542360633603639 ] ] ] } },
{ "type": "Feature", "properties": { "cell_id": 225, "area_m2": 2500.0, "centroid_x": 714455.28044849285, "centroid_y": 3159270.006568355 }, "geometry": { "type": "Polygon", "coordinates": [ [ [ 77.19166686578761, 28.542360633603639 ], [ 77.191676205261814, 28.54281163114333 ], [ 77.192186944325826, 28.54280338306215 ], [ 77.192177602679436, 28.542352385676406 ], [ 77.19166686578761, 28.542360633603639 ] ] ] } },
{ "type": "Feature", "properties": { "cell_id": 226, "area_m2": 2500.0, "centroid_x": 714455.28044849285, "centroid_y": 3159320.006568355 }, "geometry": { "type": "Polygon", "coordinates": [ [ [ 77.191676205261814, 28.54281163114333 ], [ 77.191685544950715, 28.543262628650243 ], [ 77.19219628618697, 28.543254380415117 ], [ 77.192186944325826, 28.54280338306215 ], [ 77.191676205261814, 28.54281163114333 ] ] ] } },
{ "type": "Feature", "properties": { "cell_id": 227, "area_m2": 2500.0, "centroid_x": 714455.28044849285, "centroid_y": 3159370.006568355 }, "geometry": { "type": "Polygon", "coordinates": [ [ [ 77.191685544950715, 28.543262628650243 ], [ 77.191694884854357, 28.543713626124383 ], [ 77.192205628262897, 28.543705377735311 ], [ 77.19219628618697, 28.543254380415117 ], [ 77.191685544950715, 28.543262628650243 ] ] ] } },
{ "type": "Feature", "properties": { "cell_id": 228, "area_m2": 2500.0, "centroid_x": 714455.28044849285, "centroid_y": 3159420.006568355 }, "geometry": { "type": "Polygon", "coordinates": [ [ [ 77.191694884854357, 28.543713626124383 ], [ 77.191704224972739, 28.544164623565752 ], [ 77.192214970553593, 28.544156375022727 ], [ 77.192205628262897, 28.543705377735311 ], [ 77.191694884854357, 28.543713626124383 ] ] ] } },
{ "type": "Feature", "properties": { "cell_id": 229, "area_m2": 2500.0, "centroid_x": 714455.28044849285, "centroid_y": 3159470.006568355 }, "geometry": { "type": "Polygon", "coordinates": [ [ [ 77.191704224972739, 28.544164623565752 ], [ 77.191713565305818, 28.544615620974344 ], [ 77.192224313059086, 28.544607372277365 ], [ 77.192214970553593, 28.544156375022727 ], [ 77.191704224972739, 28.544164623565752 ] ] ] } },
{ "type": "Feature", "properties": { "cell_id": 230, "area_m2": 2500.0, "centroid_x": 714455.28044849285, "centroid_y": 3159520.006568355 }, "geometry": { "type": "Polygon", "coordinates": [ [ [ 77.191713565305818, 28.544615620974344 ], [ 77.191722905853652, 28.545066618350155 ], [ 77.192233655779347, 28.545058369499234 ], [ 77.192224313059086, 28.544607372277365 ], [ 77.191713565305818, 28.544615620974344 ] ] ] } },
{ "type": "Feature", "properties": { "cell_id": 231, "area_m2": 1763.9801956829615, "centroid_x": 714456.50439193996, "centroid_y": 3159562.7732107248 }, "geometry": { "type": "Polygon", "coordinates": [ [ [ 77.192233655779347, 28.545058369499234 ], [ 77.191722905853652, 28.545066618350155 ], [ 77.191728528588712, 28.545338100490195 ], [ 77.192241216296139, 28.545423327546214 ], [ 77.192233655779347, 28.545058369499234 ] ] ] } },
{ "type": "Feature", "properties": { "cell_id": 232, "area_m2": 2152.758996611818, "centroid_x": 714503.94581545179, "centroid_y": 3159223.2092338721 }, "geometry": { "type": "Polygon", "coordinates": [ [ [ 77.192177602679436, 28.542352385676406 ], [ 77.192688339356522, 28.542344135830426 ], [ 77.192682175194278, 28.542046605083787 ], [ 77.192327990986669, 28.541898808413308 ], [ 77.192169573444474, 28.541964740770762 ], [ 77.192177602679436, 28.542352385676406 ] ] ] } },
{ "type": "Feature", "properties": { "cell_id": 233, "area_m2": 2500.0, "centroid_x": 714505.28044849285, "centroid_y": 3159270.006568355 }, "geometry": { "type": "Polygon", "coordinates": [ [ [ 77.192177602679436, 28.542352385676406 ], [ 77.192186944325826, 28.54280338306215 ], [ 77.192697683175084, 28.542795133062192 ], [ 77.192688339356522, 28.542344135830426 ], [ 77.192177602679436, 28.542352385676406 ] ] ] } },
{ "type": "Feature", "properties": { "cell_id": 234, "area_m2": 2500.0, "centroid_x": 714505.28044849285, "centroid_y": 3159320.006568355 }, "geometry": { "type": "Polygon", "coordinates": [ [ [ 77.192186944325826, 28.54280338306215 ], [ 77.19219628618697, 28.543254380415117 ], [ 77.192707027208456, 28.543246130261174 ], [ 77.192697683175084, 28.542795133062192 ], [ 77.192186944325826, 28.54280338306215 ] ] ] } },
{ "type": "Feature", "properties": { "cell_id": 235, "area_m2": 2500.0, "centroid_x": 714505.28044849285, "centroid_y": 3159370.006568355 }, "geometry": { "type": "Polygon", "coordinates": [ [ [ 77.19219628618697, 28.543254380415117 ], [ 77.192205628262897, 28.543705377735311 ], [ 77.192716371456655, 28.543697127427386 ], [ 77.192707027208456, 28.543246130261174 ], [ 77.19219628618697, 28.543254380415117 ] ] ] } },
{ "type": "Feature", "properties": { "cell_id": 236, "area_m2": 2500.0, "centroid_x": 714505.28044849285, "centroid_y": 3159420.006568355 }, "geometry": { "type": "Polygon", "coordinates": [ [ [ 77.192205628262897, 28.543705377735311 ], [ 77.192214970553593, 28.544156375022727 ], [ 77.192725715919678, 28.54414812456082 ], [ 77.192716371456655, 28.543697127427386 ], [ 77.192205628262897, 28.543705377735311 ] ] ] } },
{ "type": "Feature", "properties": { "cell_id": 237, "area_m2": 2500.0, "centroid_x": 714505.28044849285, "centroid_y": 3159470.006568355 }, "geometry": { "type": "Polygon", "coordinates": [ [ [ 77.192214970553593, 28.544156375022727 ], [ 77.192224313059086, 28.544607372277365 ], [ 77.192735060597542, 28.544599121661481 ], [ 77.192725715919678, 28.54414812456082 ], [ 77.192214970553593, 28.544156375022727 ] ] ] } },
{ "type": "Feature", "properties": { "cell_id": 238, "area_m2": 2500.0, "centroid_x": 714505.28044849285, "centroid_y": 3159520.006568355 }, "geometry": { "type": "Polygon", "coordinates": [ [ [ 77.192224313059086, 28.544607372277365 ], [ 77.192233655779347, 28.545058369499234 ], [ 77.192744405490231, 28.545050118729357 ], [ 77.192735060597542, 28.544599121661481 ], [ 77.192224313059086, 28.544607372277365 ] ] ] } },
{ "type": "Feature", "properties": { "cell_id": 239, "area_m2": 2280.5031855706238, "centroid_x": 714506.21015085862, "centroid_y": 3159567.9063692787 }, "geometry": { "type": "Polygon", "coordinates": [ [ [ 77.19275375059776, 28.545501115764459 ], [ 77.192744405490231, 28.545050118729357 ], [ 77.192233655779347, 28.545058369499234 ], [ 77.192241216296139, 28.545423327546214 ], [ 77.19271311570084, 28.545501772269908 ], [ 77.19275375059776, 28.545501115764459 ] ] ] } },
{ "type": "Feature", "properties": { "cell_id": 240, "area_m2": 1030.3772832616232, "centroid_x": 714550.27486891323, "centroid_y": 3159233.4635816882 }, "geometry": { "type": "Polygon", "coordinates": [ [ [ 77.192688339356522, 28.542344135830426 ], [ 77.193199075818768, 28.542335884065718 ], [ 77.193197537635001, 28.542261656974691 ], [ 77.192682175194278, 28.542046605083787 ], [ 77.192688339356522, 28.542344135830426 ] ] ] } },
{ "type": "Feature", "properties": { "cell_id": 241, "area_m2": 2500.0, "centroid_x": 714555.28044849285, "centroid_y": 3159270.006568355 }, "geometry": { "type": "Polygon", "coordinates": [ [ [ 77.192688339356522, 28.542344135830426 ], [ 77.192697683175084, 28.542795133062192 ], [ 77.193208421809516, 28.542786881143467 ], [ 77.193199075818768, 28.542335884065718 ], [ 77.192688339356522, 28.542344135830426 ] ] ] } },
{ "type": "Feature", "properties": { "cell_id": 242, "area_m2": 2500.0, "centroid_x": 714555.28044849285, "centroid_y": 3159320.006568355 }, "geometry": { "type": "Polygon", "coordinates": [ [ [ 77.192697683175084, 28.542795133062192 ], [ 77.192707027208456, 28.543246130261174 ], [ 77.193217768015117, 28.543237878188432 ], [ 77.193208421809516, 28.542786881143467 ], [ 77.192697683175084, 28.542795133062192 ] ] ] } },
{ "type": "Feature", "properties": { "cell_id": 243, "area_m2": 2500.0, "centroid_x": 714555.28044849285, "centroid_y": 3159370.006568355 }, "geometry": { "type": "Polygon", "coordinates": [ [ [ 77.192707027208456, 28.543246130261174 ], [ 77.192716371456655, 28.543697127427386 ], [ 77.193227114435601, 28.54368887520063 ], [ 77.193217768015117, 28.543237878188432 ], [ 77.192707027208456, 28.543246130261174 ] ] ] } },
{ "type": "Feature", "properties": { "cell_id": 244, "area_m2": 2500.0, "centroid_x": 714555.28044849285, "centroid_y": 3159420.006568355 }, "geometry": { "type": "Polygon", "coordinates": [ [ [ 77.192716371456655, 28.543697127427386 ], [ 77.192725715919678, 28.54414812456082 ], [ 77.193236461070953, 28.544139872180043 ], [ 77.193227114435601, 28.54368887520063 ], [ 77.192716371456655, 28.543697127427386 ] ] ] } },
{ "type": "Feature", "properties": { "cell_id": 245, "area_m2": 2500.0, "centroid_x": 714555.28044849285, "centroid_y": 3159470.006568355 }, "geometry": { "type": "Polygon", "coordinates": [ [ [ 77.192725715919678, 28.54414812456082 ], [ 77.192735060597542, 28.544599121661481 ], [ 77.193245807921187, 28.544590869126676 ], [ 77.193236461070953, 28.544139872180043 ], [ 77.192725715919678, 28.54414812456082 ] ] ] } },
{ "type": "Feature", "properties": { "cell_id": 246, "area_m2": 2500.0, "centroid_x": 714555.28044849285, "centroid_y": 3159520.006568355 }, "geometry": { "type": "Polygon", "coordinates": [ [ [ 77.192735060597542, 28.544599121661481 ], [ 77.192744405490231, 28.545050118729357 ], [ 77.193255154986289, 28.545041866040531 ], [ 77.193245807921187, 28.544590869126676 ], [ 77.192735060597542, 28.544599121661481 ] ] ] } },
{ "type": "Feature", "properties": { "cell_id": 247, "area_m2": 2500.0, "centroid_x": 714555.28044849285, "centroid_y": 3159570.006568355 }, "geometry": { "type": "Polygon", "coordinates": [ [ [ 77.192744405490231, 28.545050118729357 ], [ 77.19275375059776, 28.545501115764459 ], [ 77.193264502266288, 28.545492862921609 ], [ 77.193255154986289, 28.545041866040531 ], [ 77.192744405490231, 28.545050118729357 ] ] ] } },
{ "type": "Feature", "properties": { "cell_id": 248, "area_m2": 2224.1590303252083, "centroid_x": 714603.55986373289, "centroid_y": 3159272.4238311248 }, "geometry": { "type": "Polygon", "coordinates": [ [ [ 77.193199075818768, 28.542335884065718 ], [ 77.193208421809516, 28.542786881143467 ], [ 77.19371916022908, 28.542778627305971 ], [ 77.193712902064533, 28.542476706786289 ], [ 77.193368846838908, 28.542333140717592 ], [ 77.193199075818768, 28.542335884065718 ] ] ] } },
{ "type": "Feature", "properties": { "cell_id": 249, "area_m2": 2500.0, "centroid_x": 714605.28044849285, "centroid_y": 3159320.006568355 }, "geometry": { "type": "Polygon", "coordinates": [ [ [ 77.193208421809516, 28.542786881143467 ], [ 77.193217768015117, 28.543237878188432 ], [ 77.193728508606924, 28.543229624196883 ], [ 77.19371916022908, 28.542778627305971 ], [ 77.193208421809516, 28.542786881143467 ] ] ] } },
{ "type": "Feature", "properties": { "cell_id": 250, "area_m2": 2500.0, "centroid_x": 714605.28044849285, "centroid_y": 3159370.006568355 }, "geometry": { "type": "Polygon", "coordinates": [ [ [ 77.193217768015117, 28.543237878188432 ], [ 77.193227114435601, 28.54368887520063 ], [ 77.193737857199665, 28.543680621055024 ], [ 77.193728508606924, 28.543229624196883 ], [ 77.193217768015117, 28.543237878188432 ] ] ] } },
{ "type": "Feature", "properties": { "cell_id": 251, "area_m2": 2500.0, "centroid_x": 714605.28044849285, "centroid_y": 3159420.006568355 }, "geometry": { "type": "Polygon", "coordinates": [ [ [ 77.193227114435601, 28.54368887520063 ], [ 77.193236461070953, 28.544139872180043 ], [ 77.19374720600733, 28.544131617880382 ], [ 77.193737857199665, 28.543680621055024 ], [ 77.193227114435601, 28.54368887520063 ] ] ] } },
{ "type": "Feature", "properties": { "cell_id": 252, "area_m2": 2500.0, "centroid_x": 714605.28044849285, "centroid_y": 3159470.006568355 }, "geometry": { "type": "Polygon", "coordinates": [ [ [ 77.193236461070953, 28.544139872180043 ], [ 77.193245807921187, 28.544590869126676 ], [ 77.193756555029935, 28.544582614672962 ], [ 77.19374720600733, 28.544131617880382 ], [ 77.193236461070953, 28.544139872180043 ] ] ] } },
{ "type": "Feature", "properties": { "cell_id": 253, "area_m2": 2500.0, "centroid_x": 714605.28044849285, "centroid_y": 3159520.006568355 }, "geometry": { "type": "Polygon", "coordinates": [ [ [ 77.193245807921187, 28.544590869126676 ], [ 77.193255154986289, 28.545041866040531 ], [ 77.193765904267465, 28.545033611432761 ], [ 77.193756555029935, 28.544582614672962 ], [ 77.193245807921187, 28.544590869126676 ] ] ] } },
{ "type": "Feature", "properties": { "cell_id": 254, "area_m2": 2500.0, "centroid_x": 714605.28044849285, "centroid_y": 3159570.006568355 }, "geometry": { "type": "Polygon", "coordinates": [ [ [ 77.193255154986289, 28.545041866040531 ], [ 77.193264502266288, 28.545492862921609 ], [ 77.193775253719934, 28.545484608159779 ], [ 77.193765904267465, 28.545033611432761 ], [ 77.193255154986289, 28.545041866040531 ] ] ] } },
{ "type": "Feature", "properties": { "cell_id": 255, "area_m2": 818.46883676480502, "centroid_x": 714607.91831557394, "centroid_y": 3159603.4646256836 }, "geometry": { "type": "Polygon", "coordinates": [ [ [ 77.193775253719934, 28.545484608159779 ], [ 77.193264502266288, 28.545492862921609 ], [ 77.193266593795968, 28.545593775705594 ], [ 77.193779283588256, 28.54567899680891 ], [ 77.193775253719934, 28.545484608159779 ] ] ] } },
{ "type": "Feature", "properties": { "cell_id": 256, "area_m2": 1054.712248861324, "centroid_x": 714650.39036070439, "centroid_y": 3159283.2488239319 }, "geometry": { "type": "Polygon", "coordinates": [ [ [ 77.19371916022908, 28.542778627305971 ], [ 77.194229898433733, 28.542770371549707 ], [ 77.19422826848286, 28.542691754518547 ], [ 77.193712902064533, 28.542476706786289 ], [ 77.19371916022908, 28.542778627305971 ] ] ] } },
{ "type": "Feature", "properties": { "cell_id": 257, "area_m2": 2500.0, "centroid_x": 714655.28044849285, "centroid_y": 3159320.006568355 }, "geometry": { "type": "Polygon", "coordinates": [ [ [ 77.19371916022908, 28.542778627305971 ], [ 77.193728508606924, 28.543229624196883 ], [ 77.194239248983777, 28.543221368286535 ], [ 77.194229898433733, 28.542770371549707 ], [ 77.19371916022908, 28.542778627305971 ] ] ] } },
{ "type": "Feature", "properties": { "cell_id": 258, "area_m2": 2500.0, "centroid_x": 714655.28044849285, "centroid_y": 3159370.006568355 }, "geometry": { "type": "Polygon", "coordinates": [ [ [ 77.193728508606924, 28.543229624196883 ], [ 77.193737857199665, 28.543680621055024 ], [ 77.194248599748803, 28.543672364990588 ], [ 77.194239248983777, 28.543221368286535 ], [ 77.193728508606924, 28.543229624196883 ] ] ] } },
{ "type": "Feature", "properties": { "cell_id": 259, "area_m2": 2500.0, "centroid_x": 714655.28044849285, "centroid_y": 3159420.006568355 }, "geometry": { "type": "Polygon", "coordinates": [ [ [ 77.193737857199665, 28.543680621055024 ], [ 77.19374720600733, 28.544131617880382 ], [ 77.194257950728783, 28.544123361661853 ], [ 77.194248599748803, 28.543672364990588 ], [ 77.193737857199665, 28.543680621055024 ] ] ] } },
{ "type": "Feature", "properties": { "cell_id": 260, "area_m2": 2500.0, "centroid_x": 714655.28044849285, "centroid_y": 3159470.006568355 }, "geometry": { "type": "Polygon", "coordinates": [ [ [ 77.19374720600733, 28.544131617880382 ], [ 77.193756555029935, 28.544582614672962 ], [ 77.194267301923759, 28.544574358300345 ], [ 77.194257950728783, 28.544123361661853 ], [ 77.19374720600733, 28.544131617880382 ] ] ] } },
{ "type": "Feature", "properties": { "cell_id": 261, "area_m2": 2500.0, "centroid_x": 714655.28044849285, "centroid_y": 3159520.006568355 }, "geometry": { "type": "Polygon", "coordinates": [ [ [ 77.193756555029935, 28.544582614672962 ], [ 77.193765904267465, 28.545033611432761 ], [ 77.194276653333702, 28.545025354906048 ], [ 77.194267301923759, 28.544574358300345 ], [ 77.193756555029935, 28.544582614672962 ] ] ] } },
{ "type": "Feature", "properties": { "cell_id": 262, "area_m2": 2500.0, "centroid_x": 714655.28044849285, "centroid_y": 3159570.006568355 }, "geometry": { "type": "Polygon", "coordinates": [ [ [ 77.193765904267465, 28.545033611432761 ], [ 77.193775253719934, 28.545484608159779 ], [ 77.194286004958627, 28.545476351478968 ], [ 77.194276653333702, 28.545025354906048 ], [ 77.193765904267465, 28.545033611432761 ] ] ] } },
{ "type": "Feature", "properties": { "cell_id": 263, "area_m2": 1336.6317171254195, "centroid_x": 714656.8957116754, "centroid_y": 3159608.5402794112 }, "geometry": { "type": "Polygon", "coordinates": [ [ [ 77.194286004958627, 28.545476351478968 ], [ 77.193775253719934, 28.545484608159779 ], [ 77.193779283588256, 28.54567899680891 ], [ 77.194291974075426, 28.545764215927953 ], [ 77.194286004958627, 28.545476351478968 ] ] ] } },
{ "type": "Feature", "properties": { "cell_id": 264, "area_m2": 2240.1657406764066, "centroid_x": 714703.63328346284, "centroid_y": 3159322.2861077408 }, "geometry": { "type": "Polygon", "coordinates": [ [ [ 77.194229898433733, 28.542770371549707 ], [ 77.194239248983777, 28.543221368286535 ], [ 77.194749989145677, 28.543213110457391 ], [ 77.194743636889939, 28.542906800171398 ], [ 77.194409710803541, 28.542767464540308 ], [ 77.194229898433733, 28.542770371549707 ] ] ] } },
{ "type": "Feature", "properties": { "cell_id": 265, "area_m2": 2500.0, "centroid_x": 714705.28044849285, "centroid_y": 3159370.006568355 }, "geometry": { "type": "Polygon", "coordinates": [ [ [ 77.194239248983777, 28.543221368286535 ], [ 77.194248599748803, 28.543672364990588 ], [ 77.194759342082946, 28.543664107007324 ], [ 77.194749989145677, 28.543213110457391 ], [ 77.194239248983777, 28.543221368286535 ] ] ] } },
{ "type": "Feature", "properties": { "cell_id": 266, "area_m2": 2500.0, "centroid_x": 714705.28044849285, "centroid_y": 3159420.006568355 }, "geometry": { "type": "Polygon", "coordinates": [ [ [ 77.194248599748803, 28.543672364990588 ], [ 77.194257950728783, 28.544123361661853 ], [ 77.194768695235254, 28.544115103524458 ], [ 77.194759342082946, 28.543664107007324 ], [ 77.194248599748803, 28.543672364990588 ] ] ] } },
{ "type": "Feature", "properties": { "cell_id": 267, "area_m2": 2500.0, "centroid_x": 714705.28044849285, "centroid_y": 3159470.006568355 }, "geometry": { "type": "Polygon", "coordinates": [ [ [ 77.194257950728783, 28.544123361661853 ], [ 77.194267301923759, 28.544574358300345 ], [ 77.194778048602586, 28.544566100008812 ], [ 77.194768695235254, 28.544115103524458 ], [ 77.194257950728783, 28.544123361661853 ] ] ] } },
{ "type": "Feature", "properties": { "cell_id": 268, "area_m2": 2500.0, "centroid_x": 714705.28044849285, "centroid_y": 3159520.006568355 }, "geometry": { "type": "Polygon", "coordinates": [ [ [ 77.194267301923759, 28.544574358300345 ], [ 77.194276653333702, 28.545025354906048 ], [ 77.194787402184943, 28.545017096460391 ], [ 77.194778048602586, 28.544566100008812 ], [ 77.194267301923759, 28.544574358300345 ] ] ] } },
{ "type": "Feature", "properties": { "cell_id": 269, "area_m2": 2500.0, "centroid_x": 714705.28044849285, "centroid_y": 3159570.006568355 }, "geometry": { "type": "Polygon", "coordinates": [ [ [ 77.194276653333702, 28.545025354906048 ], [ 77.194286004958627, 28.545476351478968 ], [ 77.194796755982352, 28.54546809287918 ], [ 77.194787402184943, 28.545017096460391 ], [ 77.194276653333702, 28.545025354906048 ] ] ] } },
{ "type": "Feature", "properties": { "cell_id": 270, "area_m2": 1854.794597486034, "centroid_x": 714706.44446525467, "centroid_y": 3159613.675144386 }, "geometry": { "type": "Polygon", "coordinates": [ [ [ 77.194796755982352, 28.54546809287918 ], [ 77.194286004958627, 28.545476351478968 ], [ 77.194291974075426, 28.545764215927953 ], [ 77.194804665257408, 28.545849433062706 ], [ 77.194796755982352, 28.54546809287918 ] ] ] } },
{ "type": "Feature", "properties": { "cell_id": 271, "area_m2": 1430.992952210363, "centroid_x": 714745.37473522127, "centroid_y": 3159373.3857970121 }, "geometry": { "type": "Polygon", "coordinates": [ [ [ 77.194749989145677, 28.543213110457391 ], [ 77.194759342082946, 28.543664107007324 ], [ 77.195170238473807, 28.543657461996791 ], [ 77.194923786754984, 28.543210299997284 ], [ 77.194749989145677, 28.543213110457391 ] ] ] } },
{ "type": "Feature", "properties": { "cell_id": 272, "area_m2": 2397.094287779872, "centroid_x": 714754.34708668233, "centroid_y": 3159420.7784983753 }, "geometry": { "type": "Polygon", "coordinates": [ [ [ 77.194759342082946, 28.543664107007324 ], [ 77.194768695235254, 28.544115103524458 ], [ 77.195279439526701, 28.544106843468192 ], [ 77.195274023851297, 28.543845768823108 ], [ 77.195170238473807, 28.543657461996791 ], [ 77.194759342082946, 28.543664107007324 ] ] ] } },
{ "type": "Feature", "properties": { "cell_id": 273, "area_m2": 2500.0, "centroid_x": 714755.28044849285, "centroid_y": 3159470.006568355 }, "geometry": { "type": "Polygon", "coordinates": [ [ [ 77.194768695235254, 28.544115103524458 ], [ 77.194778048602586, 28.544566100008812 ], [ 77.195288795066404, 28.544557839798383 ], [ 77.195279439526701, 28.544106843468192 ], [ 77.194768695235254, 28.544115103524458 ] ] ] } },
{ "type": "Feature", "properties": { "cell_id": 274, "area_m2": 2500.0, "centroid_x": 714755.28044849285, "centroid_y": 3159520.006568355 }, "geometry": { "type": "Polygon", "coordinates": [ [ [ 77.194778048602586, 28.544566100008812 ], [ 77.194787402184943, 28.545017096460391 ], [ 77.195298150821174, 28.545008836095796 ], [ 77.195288795066404, 28.544557839798383 ], [ 77.194778048602586, 28.544566100008812 ] ] ] } },
{ "type": "Feature", "properties": { "cell_id": 275, "area_m2": 2500.0, "centroid_x": 714755.28044849285, "centroid_y": 3159570.006568355 }, "geometry": { "type": "Polygon", "coordinates": [ [ [ 77.194787402184943, 28.545017096460391 ], [ 77.194796755982352, 28.54546809287918 ], [ 77.195307506791025, 28.545459832360418 ], [ 77.195298150821174, 28.545008836095796 ], [ 77.194787402184943, 28.545017096460391 ] ] ] } },
{ "type": "Feature", "properties": { "cell_id": 276, "area_m2": 2356.1343161215332, "centroid_x": 714756.04860558256, "centroid_y": 3159618.6372453836 }, "geometry": { "type": "Polygon", "coordinates": [ [ [ 77.195316862975972, 28.545910828592259 ], [ 77.195307506791025, 28.545459832360418 ], [ 77.194796755982352, 28.54546809287918 ], [ 77.194804665257408, 28.545849433062706 ], [ 77.195186712278215, 28.545912933769539 ], [ 77.195316862975972, 28.545910828592259 ] ] ] } },
{ "type": "Feature", "properties": { "cell_id": 277, "area_m2": 1375.4606777900067, "centroid_x": 714795.6353300144, "centroid_y": 3159474.9002526649 }, "geometry": { "type": "Polygon", "coordinates": [ [ [ 77.195279439526701, 28.544106843468192 ], [ 77.195288795066404, 28.544557839798383 ], [ 77.195750340093085, 28.544550373660403 ], [ 77.195520680910093, 28.54429329691116 ], [ 77.195416692378203, 28.544104623406859 ], [ 77.195279439526701, 28.544106843468192 ] ] ] } },
{ "type": "Feature", "properties": { "cell_id": 278, "area_m2": 2484.7278923067288, "centroid_x": 714805.13665697211, "centroid_y": 3159520.1472357851 }, "geometry": { "type": "Polygon", "coordinates": [ [ [ 77.195288795066404, 28.544557839798383 ], [ 77.195298150821174, 28.545008836095796 ], [ 77.195808899242294, 28.545000573812267 ], [ 77.195800728158687, 28.544606777009335 ], [ 77.195750340093085, 28.544550373660403 ], [ 77.195288795066404, 28.544557839798383 ] ] ] } },
{ "type": "Feature", "properties": { "cell_id": 279, "area_m2": 2500.0, "centroid_x": 714805.28044849285, "centroid_y": 3159570.006568355 }, "geometry": { "type": "Polygon", "coordinates": [ [ [ 77.195298150821174, 28.545008836095796 ], [ 77.195307506791025, 28.545459832360418 ], [ 77.195818257384602, 28.54545156992269 ], [ 77.195808899242294, 28.545000573812267 ], [ 77.195298150821174, 28.545008836095796 ] ] ] } },
{ "type": "Feature", "properties": { "cell_id": 280, "area_m2": 2500.0, "centroid_x": 714805.28044849285, "centroid_y": 3159620.006568355 }, "geometry": { "type": "Polygon", "coordinates": [ [ [ 77.195307506791025, 28.545459832360418 ], [ 77.195316862975972, 28.545910828592259 ], [ 77.195827615742061, 28.545902566000326 ], [ 77.195818257384602, 28.54545156992269 ], [ 77.195307506791025, 28.545459832360418 ] ] ] } },
{ "type": "Feature", "properties": { "cell_id": 281, "area_m2": 723.87127284818291, "centroid_x": 714841.33397147048, "centroid_y": 3159530.4537164569 }, "geometry": { "type": "Polygon", "coordinates": [ [ [ 77.195808899242294, 28.545000573812267 ], [ 77.196147633288163, 28.544995093113467 ], [ 77.195800728158687, 28.544606777009335 ], [ 77.195808899242294, 28.545000573812267 ] ] ] } },
{ "type": "Feature", "properties": { "cell_id": 282, "area_m2": 2313.3309898747757, "centroid_x": 714853.71606998704, "centroid_y": 3159571.4275549487 }, "geometry": { "type": "Polygon", "coordinates": [ [ [ 77.195808899242294, 28.545000573812267 ], [ 77.195818257384602, 28.54545156992269 ], [ 77.19632900776304, 28.545443305565993 ], [ 77.196323797872381, 28.545192285416782 ], [ 77.196147633288163, 28.544995093113467 ], [ 77.195808899242294, 28.545000573812267 ] ] ] } },
{ "type": "Feature", "properties": { "cell_id": 283, "area_m2": 2500.0, "centroid_x": 714855.28044849285, "centroid_y": 3159620.006568355 }, "geometry": { "type": "Polygon", "coordinates": [ [ [ 77.195818257384602, 28.54545156992269 ], [ 77.195827615742061, 28.545902566000326 ], [ 77.196338368292999, 28.545894301489387 ], [ 77.19632900776304, 28.545443305565993 ], [ 77.195818257384602, 28.54545156992269 ] ] ] } },
{ "type": "Feature", "properties": { "cell_id": 284, "area_m2": 904.19389085562807, "centroid_x": 714857.53640066902, "centroid_y": 3159654.2723793662 }, "geometry": { "type": "Polygon", "coordinates": [ [ [ 77.196338368292999, 28.545894301489387 ], [ 77.195827615742061, 28.545902566000326 ], [ 77.195830049705648, 28.546019861379254 ], [ 77.196294147490391, 28.546096995934128 ], [ 77.196342340881159, 28.546085700015585 ], [ 77.196338368292999, 28.545894301489387 ] ] ] } },
{ "type": "Feature", "properties": { "cell_id": 285, "area_m2": 1951.6244802209312, "centroid_x": 714900.9591241267, "centroid_y": 3159623.4720875095 }, "geometry": { "type": "Polygon", "coordinates": [ [ [ 77.19632900776304, 28.545443305565993 ], [ 77.196338368292999, 28.545894301489387 ], [ 77.196849120628741, 28.545886035059443 ], [ 77.196846873464295, 28.545777791442266 ], [ 77.196544929874392, 28.545439811192391 ], [ 77.19632900776304, 28.545443305565993 ] ] ] } },
{ "type": "Feature", "properties": { "cell_id": 286, "area_m2": 753.57653775718063, "centroid_x": 714901.8810973973, "centroid_y": 3159652.9603186883 }, "geometry": { "type": "Polygon", "coordinates": [ [ [ 77.196849120628741, 28.545886035059443 ], [ 77.196338368292999, 28.545894301489387 ], [ 77.196342340881159, 28.546085700015585 ], [ 77.196850791616612, 28.545966524449561 ], [ 77.196849120628741, 28.545886035059443 ] ] ] } }
]
}
